x1,0.000100
x1,-0.049902
x1,-0.099904
x1,-0.149906
x1,-0.199908
x1,-0.249910
x1,-0.299911
x1,-0.489913
x1,-0.559915
x1,-0.629916
x1,-1.879918
x1,-2.067920
x1,-2.255921
x1,-2.443205
x1,-2.630379
x1,-2.817442
x1,-3.004398
x1,-3.191240
x1,-3.377976
x1,-3.564601
x1,-3.751117
x1,-3.937518
x1,-4.123818
x1,-4.310003
x1,-4.496079
x1,-4.682044
x1,-4.867905
x1,-5.053651
x1,-5.239292
x1,-5.424823
x1,-5.610245
x1,-5.795557
x1,-5.980760
x1,-6.165853
x1,-6.350843
x1,-6.535717
x1,-6.720489
x1,-6.905144
x1,-7.089697
x1,-7.274141
x1,-7.458475
x1,-7.642700
x1,-7.826816
x1,-8.010832
x1,-8.194730
x1,-8.378527
x1,-8.562216
x1,-8.745787
x1,-8.929258
x1,-9.112620
x1,-9.295873
x1,-9.479028
x1,-9.662064
x1,-9.844991
x1,-10.027820
x1,-10.210530
x1,-10.393142
x1,-10.575645
x1,-10.758041
x1,-10.940327
x1,-11.122506
x1,-11.304588
x1,-11.486550
x1,-11.668416
x1,-11.850161
x1,-12.031811
x1,-12.213352
x1,-12.394786
x1,-12.576112
x1,-12.757330
x1,-12.938439
x1,-13.119455
x1,-13.300349
x1,-13.481150
x1,-13.661828
x1,-13.842413
x1,-14.022890
x1,-14.203260
x1,-14.383522
x1,-14.563693
x1,-14.743740
x1,-14.923679
x1,-15.103528
x1,-15.283269
x1,-15.462886
x1,-15.642413
x1,-15.821832
x1,-16.001144
x1,-16.180367
x1,-16.359465
x1,-16.538455
x1,-16.717357
x1,-16.896152
x1,-17.074822
x1,-17.253403
x1,-17.431877
x1,-17.610245
x1,-17.788505
x1,-17.966679
x1,-18.144726
x1,-18.322666
x1,-18.500520
x1,-18.678268
x1,-18.855909
x1,-19.033444
x1,-19.210872
x1,-19.388194
x1,-19.565409
x1,-19.742518
x1,-19.919542
x1,-20.096439
x1,-20.273251
x1,-20.449957
x1,-20.626558
x1,-20.803052
x1,-20.979440
x1,-21.155722
x1,-21.331898
x1,-21.507992
x1,-21.683957
x1,-21.859839
x1,-22.035592
x1,-22.211262
x1,-22.386828
x1,-22.562288
x1,-22.737642
x1,-22.912916
x1,-23.088059
x1,-23.263096
x1,-23.438054
x1,-23.612907
x1,-23.787628
x1,-23.962270
x1,-24.136806
x1,-24.311238
x1,-24.485591
x1,-24.659813
x1,-24.833929
x1,-25.007967
x1,-25.181873
x1,-25.355702
x1,-25.529426
x1,-25.703045
x1,-25.876559
x1,-26.049969
x1,-26.223273
x1,-26.396503
x1,-26.569598
x1,-26.742618
x1,-26.915504
x1,-27.088315
x1,-27.261022
x1,-27.433624
x1,-27.606122
x1,-27.778515
x1,-27.950835
x1,-28.123020
x1,-28.295101
x1,-28.467109
x1,-28.639012
x1,-28.810812
x1,-28.982508
x1,-29.154099
x1,-29.325587
x1,-29.496971
x1,-29.668250
x1,-29.839459
x1,-30.010531
x1,-30.181533
x1,-30.352430
x1,-30.523191
x1,-30.693881
x1,-30.864468
x1,-31.034986
x1,-31.205366
x1,-31.375642
x1,-31.545850
x1,-31.715919
x1,-31.885920
x1,-32.055818
x1,-32.225613
x1,-32.395305
x1,-32.564893
x1,-32.734379
x1,-32.903761
x1,-33.073077
x1,-33.242252
x1,-33.411362
x1,-33.580332
x1,-33.749236
x1,-33.918038
x1,-34.086736
x1,-34.255332
x1,-34.423864
x1,-34.592254
x1,-34.760542
x1,-34.928766
x1,-35.096848
x1,-35.264867
x1,-35.432784
x1,-35.600598
x1,-35.768310
x1,-35.935919
x1,-36.103426
x1,-36.270872
x1,-36.438174
x1,-36.605416
x1,-36.772513
x1,-36.939550
x1,-37.106485
x1,-37.273319
x1,-37.440050
x1,-37.606679
x1,-37.773248
x1,-37.939673
x1,-38.105997
x1,-38.272261
x1,-38.438424
x1,-38.604442
x1,-38.770401
x1,-38.936259
x1,-39.102015
x1,-39.267714
x1,-39.433267
x1,-39.598719
x1,-39.764114
x1,-39.929363
x1,-40.094555
x1,-40.259646
x1,-40.424636
x1,-40.589525
x1,-40.754313
x1,-40.918999
x1,-41.083584
x1,-41.248115
x1,-41.412498
x1,-41.576827
x1,-41.741055
x1,-41.905135
x1,-42.069162
x1,-42.233087
x1,-42.396912
x1,-42.560684
x1,-42.724308
x1,-42.887830
x1,-43.051301
x1,-43.214622
x1,-43.377892
x1,-43.541062
x1,-43.704131
x1,-43.867099
x1,-44.029968
x1,-44.192735
x1,-44.355403
x1,-44.518021
x1,-44.680487
x1,-44.842905
x1,-45.005223
x1,-45.167440
x1,-45.329506
x1,-45.491523
x1,-45.653493
x1,-45.815311
x1,-45.977028
x1,-46.138699
x1,-46.300217
x1,-46.461688
x1,-46.623006
x1,-46.784277
x1,-46.945449
x1,-47.106522
x1,-47.267494
x1,-47.428368
x1,-47.589196
x1,-47.749870
x1,-47.910500
x1,-48.070975
x1,-48.231406
x1,-48.391738
x1,-48.551970
x1,-48.712104
x1,-48.872138
x1,-49.032073
x1,-49.191909
x1,-49.351702
x1,-49.511340
x1,-49.670935
x1,-49.830432
x1,-49.989772
x1,-50.149071
x1,-50.308272
x1,-50.467373
x1,-50.626434
x1,-50.785338
x1,-50.944143
x1,-51.102909
x1,-51.261517
x1,-51.420085
x1,-51.578555
x1,-51.736927
x1,-51.895200
x1,-52.053375
x1,-52.211451
x1,-52.369429
x1,-52.527369
x1,-52.685151
x1,-52.842895
x1,-53.000480
x1,-53.158028
x1,-53.315478
x1,-53.472830
x1,-53.630084
x1,-53.787240
x1,-53.944298
x1,-54.101321
x1,-54.258183
x1,-54.415010
x1,-54.571677
x1,-54.728309
x1,-54.884843
x1,-55.041280
x1,-55.197619
x1,-55.353861
x1,-55.510005
x1,-55.666116
x1,-55.822065
x1,-55.977981
x1,-56.133735
x1,-56.289457
x1,-56.445082
x1,-56.600610
x1,-56.756040
x1,-56.911373
x1,-57.066609
x1,-57.221748
x1,-57.376857
x1,-57.531801
x1,-57.686716
x1,-57.841534
x1,-57.996188
x1,-58.150812
x1,-58.305339
x1,-58.459770
x1,-58.614104
x1,-58.768409
x1,-58.922550
x1,-59.076663
x1,-59.230610
x1,-59.384530
x1,-59.538353
x1,-59.692010
x1,-59.845640
x1,-59.999174
x1,-60.152683
x1,-60.306024
x1,-60.459269
x1,-60.612489
x1,-60.765541
x1,-60.918569
x1,-61.071429
x1,-61.224264
x1,-61.377003
x1,-61.529647
x1,-61.682194
x1,-61.834646
x1,-61.987074
x1,-62.139334
x1,-62.291571
x1,-62.443638
x1,-62.595684
x1,-62.747634
x1,-62.899488
x1,-63.051247
x1,-63.202910
x1,-63.354478
x1,-63.505950
x1,-63.657326
x1,-63.808683
x1,-63.959868
x1,-64.111034
x1,-64.262104
x1,-64.413079
x1,-64.563883
x1,-64.714667
x1,-64.865434
x1,-65.016028
x1,-65.166527
x1,-65.317009
x1,-65.467318
x1,-65.617609
x1,-65.767728
x1,-65.917830
x1,-66.067837
x1,-66.217749
x1,-66.367566
x1,-66.517289
x1,-66.666917
x1,-66.816529
x1,-66.965968
x1,-67.115391
x1,-67.264640
x1,-67.413874
x1,-67.563014
x1,-67.712060
x1,-67.861011
x1,-68.009868
x1,-68.158630
x1,-68.307298
x1,-68.455954
x1,-68.604433
x1,-68.752900
x1,-68.901191
x1,-69.049470
x1,-69.197654
x1,-69.345745
x1,-69.493742
x1,-69.641645
x1,-69.789454
x1,-69.937252
x1,-70.084873
x1,-70.232484
x1,-70.379917
x1,-70.527341
x1,-70.674671
x1,-70.821907
x1,-70.969050
x1,-71.116099
x1,-71.263055
x1,-71.409917
x1,-71.556771
x1,-71.703446
x1,-71.850114
x1,-71.996602
x1,-72.143083
x1,-72.289470
x1,-72.435765
x1,-72.581966
x1,-72.728075
x1,-72.874090
x1,-73.020011
x1,-73.165928
x1,-73.311664
x1,-73.457394
x1,-73.602944
x1,-73.748489
x1,-73.893941
x1,-74.039300
x1,-74.184567
x1,-74.329741
x1,-74.474822
x1,-74.619900
x1,-74.764796
x1,-74.909598
x1,-75.054399
x1,-75.199107
x1,-75.343632
x1,-75.488155
x1,-75.632586
x1,-75.776924
x1,-75.921170
x1,-76.065416
x1,-76.209477
x1,-76.353446
x1,-76.497416
x1,-76.641293
x1,-76.784985
x1,-76.928678
x1,-77.072279
x1,-77.215788
x1,-77.359205
x1,-77.502530
x1,-77.645763
x1,-77.788998
x1,-77.932048
x1,-78.075100
x1,-78.217965
x1,-78.360834
x1,-78.503611
x1,-78.646296
x1,-78.788890
x1,-78.931392
x1,-79.073803
x1,-79.216122
x1,-79.358349
x1,-79.500582
x1,-79.642626
x1,-79.784676
x1,-79.926635
x1,-80.068502
x1,-80.210279
x1,-80.351866
x1,-80.493558
x1,-80.635061
x1,-80.776472
x1,-80.917793
x1,-81.059121
x1,-81.200259
x1,-81.341406
x1,-81.482461
x1,-81.623326
x1,-81.764200
x1,-81.904983
x1,-82.045675
x1,-82.186377
x1,-82.326888
x1,-82.467308
x1,-82.607738
x1,-82.747977
x1,-82.888226
x1,-83.028385
x1,-83.168352
x1,-83.308330
x1,-83.448218
x1,-83.588015
x1,-83.727722
x1,-83.867441
x1,-84.006967
x1,-84.146506
x1,-84.285852
x1,-84.425211
x1,-84.564376
x1,-84.703555
x1,-84.842644
x1,-84.981642
x1,-85.120551
x1,-85.259370
x1,-85.398099
x1,-85.536843
x1,-85.675392
x1,-85.813957
x1,-85.952326
x1,-86.090711
x1,-86.229007
x1,-86.367213
x1,-86.505330
x1,-86.643357
x1,-86.781294
x1,-86.919142
x1,-87.056900
x1,-87.194677
x1,-87.332256
x1,-87.469854
x1,-87.607362
x1,-87.744673
x1,-87.882003
x1,-88.019244
x1,-88.156396
x1,-88.293458
x1,-88.430541
x1,-88.567425
x1,-88.704220
x1,-88.841036
x1,-88.977653
x1,-89.114291
x1,-89.250840
x1,-89.387301
x1,-89.523673
x1,-89.659956
x1,-89.796150
x1,-89.932255
x1,-90.068272
x1,-90.204312
x1,-90.340151
x1,-90.476014
x1,-90.611676
x1,-90.747362
x1,-90.882960
x1,-91.018469
x1,-91.153890
x1,-91.289222
x1,-91.424466
x1,-91.559622
x1,-91.694689
x1,-91.829782
x1,-91.964673
x1,-92.099590
x1,-92.234419
x1,-92.369045
x1,-92.503698
x1,-92.638263
x1,-92.772740
x1,-92.907245
x1,-93.041546
x1,-93.175760
x1,-93.309885
x1,-93.444039
x1,-93.578106
x1,-93.711967
x1,-93.845858
x1,-93.979662
x1,-94.113378
x1,-94.247006
x1,-94.380547
x1,-94.514000
x1,-94.647366
x1,-94.780763
x1,-94.913954
x1,-95.047176
x1,-95.180192
x1,-95.313239
x1,-95.446200
x1,-95.579073
x1,-95.711860
x1,-95.844559
x1,-95.977170
x1,-96.109695
x1,-96.242132
x1,-96.374604
x1,-96.506867
x1,-96.639165
x1,-96.771376
x1,-96.903378
x1,-97.035415
x1,-97.167366
x1,-97.299229
x1,-97.431006
x1,-97.562696
x1,-97.694423
x1,-97.825939
x1,-97.957493
x1,-98.088836
x1,-98.220217
x1,-98.351386
x1,-98.482594
x1,-98.613715
x1,-98.744750
x1,-98.875698
x1,-99.006560
x1,-99.137462
x1,-99.268151
x1,-99.398754
x1,-99.529397
x1,-99.659827
x1,-99.790298
x1,-99.920682
x1,-100.050981
x1,-100.181194
x1,-100.311320
x1,-100.441361
x1,-100.571315
x1,-100.701184
x1,-100.830967
x1,-100.960792
x1,-101.090402
x1,-101.220056
x1,-101.349624
x1,-101.478977
x1,-101.608374
x1,-101.737685
x1,-101.866910
x1,-101.996050
x1,-102.125234
x1,-102.254203
x1,-102.383086
x1,-102.512015
x1,-102.640727
x1,-102.769485
x1,-102.898157
x1,-103.026745
x1,-103.155115
x1,-103.283532
x1,-103.411864
x1,-103.540242
x1,-103.668404
x1,-103.796480
x1,-103.924604
x1,-104.052510
x1,-104.180464
x1,-104.308200
x1,-104.435984
x1,-104.563684
x1,-104.691299
x1,-104.818829
x1,-104.946274
x1,-105.073634
x1,-105.200910
x1,-105.328236
x1,-105.455342
x1,-105.582499
x1,-105.709436
x1,-105.836424
x1,-105.963328
x1,-106.090010
x1,-106.216745
x1,-106.343395
x1,-106.469961
x1,-106.596580
x1,-106.722977
x1,-106.849290
x1,-106.975656
x1,-107.101800
x1,-107.227998
x1,-107.353974
x1,-107.480003
x1,-107.605949
x1,-107.731811
x1,-107.857589
x1,-107.983283
x1,-108.108892
x1,-108.234558
x1,-108.360000
x1,-108.485358
x1,-108.610772
x1,-108.736103
x1,-108.861210
x1,-108.986373
x1,-109.111453
x1,-109.236449
x1,-109.361362
x1,-109.486191
x1,-109.610936
x1,-109.735598
x1,-109.860318
x1,-109.984813
x1,-110.109367
x1,-110.233695
x1,-110.358082
x1,-110.482387
x1,-110.606608
x1,-110.730745
x1,-110.854800
x1,-110.978771
x1,-111.102660
x1,-111.226465
x1,-111.350331
x1,-111.473970
x1,-111.597671
x1,-111.721143
x1,-111.844678
x1,-111.968131
x1,-112.091500
x1,-112.214640
x1,-112.337990
x1,-112.461111
x1,-112.584150
x1,-112.707105
x1,-112.829978
x1,-112.952915
x1,-113.075622
x1,-113.198394
x1,-113.321084
x1,-113.443543
x1,-113.566068
x1,-113.688510
x1,-113.810870
x1,-113.933148
x1,-114.055492
x1,-114.177605
x1,-114.299636
x1,-114.421734
x1,-114.543600
x1,-114.665534
x1,-114.787235
x1,-114.909005
x1,-115.030692
x1,-115.152298
x1,-115.273822
x1,-115.395263
x1,-115.516623
x1,-115.637900
x1,-115.759248
x1,-115.880362
x1,-116.001546
x1,-116.122496
x1,-116.243517
x1,-116.364456
x1,-116.485160
x1,-116.605936
x1,-116.726630
x1,-116.847243
x1,-116.967774
x1,-117.088378
x1,-117.208746
x1,-117.329032
x1,-117.449392
x1,-117.569515
x1,-117.689712
x1,-117.809828
x1,-117.929862
x1,-118.049660
x1,-118.169532
x1,-118.289323
x1,-118.409189
x1,-118.528817
x1,-118.648365
x1,-118.767831
x1,-118.887373
x1,-119.006677
x1,-119.126058
x1,-119.245357
x1,-119.364418
x1,-119.483556
x1,-119.602613
x1,-119.721589
x1,-119.840484
x1,-119.959458
x1,-120.078192
x1,-120.196845
x1,-120.315577
x1,-120.434069
x1,-120.552640
x1,-120.670970
x1,-120.789380
x1,-120.907710
x1,-121.025959
x1,-121.144128
x1,-121.262216
x1,-121.380224
x1,-121.498152
x1,-121.615999
x1,-121.733928
x1,-121.851615
x1,-121.969383
x1,-122.086909
x1,-122.204518
x1,-122.322046
x1,-122.439494
x1,-122.556863
x1,-122.674151
x1,-122.791360
x1,-122.908488
x1,-123.025536
x1,-123.142669
x1,-123.259558
x1,-123.376531
x1,-123.493260
x1,-123.610074
x1,-123.726808
x1,-123.843298
x1,-123.959873
x1,-124.076368
x1,-124.192784
x1,-124.309120
x1,-124.425543
x1,-124.541720
x1,-124.657818
x1,-124.774003
x1,-124.889942
x1,-125.005968
x1,-125.121916
x1,-125.237616
x1,-125.353405
x1,-125.469114
x1,-125.584745
x1,-125.700296
x1,-125.815937
x1,-125.931330
x1,-126.046644
x1,-126.162048
x1,-126.277204
x1,-126.392450
x1,-126.507447
x1,-126.622536
x1,-126.737546
x1,-126.852477
x1,-126.967329
x1,-127.082102
x1,-127.196797
x1,-127.311413
x1,-127.425950
x1,-127.540580
x1,-127.654960
x1,-127.769433
x1,-127.883655
x1,-127.997971
x1,-128.112209
x1,-128.226195
x1,-128.340276
x1,-128.454278
x1,-128.568202
x1,-128.682048
x1,-128.795989
x1,-128.909678
x1,-129.023289
x1,-129.136996
x1,-129.250450
x1,-129.364001
x1,-129.477474
x1,-129.590693
x1,-129.704009
x1,-129.817248
x1,-129.930409
x1,-130.043491
x1,-130.156496
x1,-130.269599
x1,-130.382448
x1,-130.495219
x1,-130.608089
x1,-130.720704
x1,-130.833419
x1,-130.946056
x1,-131.058437
x1,-131.170919
x1,-131.283323
x1,-131.395650
x1,-131.507899
x1,-131.620070
x1,-131.732344
x1,-131.844360
x1,-131.956299
x1,-132.068340
x1,-132.180124
x1,-132.292010
x1,-132.403820
x1,-132.515552
x1,-132.627026
x1,-132.738604
x1,-132.850104
x1,-132.961709
x1,-133.073055
x1,-133.184324
x1,-133.295516
x1,-133.406813
x1,-133.517850
x1,-133.628994
x1,-133.739877
x1,-133.850866
x1,-133.961779
x1,-134.072615
x1,-134.183374
x1,-134.294056
x1,-134.404661
x1,-134.515190
x1,-134.625642
x1,-134.736202
x1,-134.846500
x1,-134.956722
x1,-135.067052
x1,-135.177306
x1,-135.287297
x1,-135.397398
x1,-135.507422
x1,-135.617370
x1,-135.727242
x1,-135.837037
x1,-135.946756
x1,-136.056398
x1,-136.166152
x1,-136.275642
x1,-136.385243
x1,-136.494580
x1,-136.604029
x1,-136.713214
x1,-136.822510
x1,-136.931731
x1,-137.040876
x1,-137.149945
x1,-137.258938
x1,-137.367854
x1,-137.476695
x1,-137.585650
x1,-137.694339
x1,-137.803142
x1,-137.911680
x1,-138.020332
x1,-138.128717
x1,-138.237218
x1,-138.345643
x1,-138.453992
x1,-138.562266
x1,-138.670464
x1,-138.778587
x1,-138.886634
x1,-138.994798
x1,-139.102694
x1,-139.210514
x1,-139.318452
x1,-139.426315
x1,-139.533909
x1,-139.641621
x1,-139.749258
x1,-139.856820
x1,-139.964306
x1,-140.071718
x1,-140.179054
x1,-140.286315
x1,-140.393501
x1,-140.500807
x1,-140.607842
x1,-140.714999
x1,-140.821884
x1,-140.928890
x1,-141.035822
x1,-141.142482
x1,-141.249264
x1,-141.355971
x1,-141.462603
x1,-141.569161
x1,-141.675643
x1,-141.782249
x1,-141.888582
x1,-141.994840
x1,-142.101222
x1,-142.207331
x1,-142.313564
x1,-142.419723
x1,-142.525608
x1,-142.631618
x1,-142.737553
x1,-142.843414
x1,-142.949200
x1,-143.054912
x1,-143.160750
x1,-143.266313
x1,-143.371802
x1,-143.477418
x1,-143.582758
x1,-143.688226
x1,-143.793418
x1,-143.898737
x1,-144.003982
x1,-144.109153
x1,-144.214250
x1,-144.319274
x1,-144.424223
x1,-144.529098
x1,-144.633899
x1,-144.738830
x1,-144.843483
x1,-144.948266
x1,-145.052772
x1,-145.157408
x1,-145.261766
x1,-145.366254
x1,-145.470669
x1,-145.575010
x1,-145.679278
x1,-145.783472
x1,-145.887592
x1,-145.991639
x1,-146.095818
x1,-146.199718
x1,-146.303544
x1,-146.407503
x1,-146.511389
x1,-146.614995
x1,-146.718734
x1,-146.822401
x1,-146.925994
x1,-147.029306
x1,-147.132960
x1,-147.236333
x1,-147.339634
x1,-147.442861
x1,-147.546014
x1,-147.649304
x1,-147.752312
x1,-147.855455
x1,-147.958317
x1,-148.061315
x1,-148.164240
x1,-148.266882
x1,-148.369662
x1,-148.472368
x1,-148.575002
x1,-148.677774
x1,-148.780262
x1,-148.882678
x1,-148.985021
x1,-149.087503
x1,-149.189700
x1,-149.292037
x1,-149.394089
x1,-149.496281
x1,-149.598400
x1,-149.700447
x1,-149.802422
x1,-149.904110
x1,-150.006154
x1,-150.107911
x1,-150.209596
x1,-150.311209
x1,-150.412749
x1,-150.514431
x1,-150.615827
x1,-150.717365
x1,-150.818831
x1,-150.920010
x1,-151.021332
x1,-151.122582
x1,-151.223760
x1,-151.324866
x1,-151.425900
x1,-151.526862
x1,-151.627752
x1,-151.728787
x1,-151.829533
x1,-151.930207
x1,-152.031027
x1,-152.131558
x1,-152.232234
x1,-152.332839
x1,-152.433154
x1,-152.533615
x1,-152.634005
x1,-152.734323
x1,-152.834570
x1,-152.934745
x1,-153.035068
x1,-153.135100
x1,-153.235060
x1,-153.335169
x1,-153.434986
x1,-153.534953
x1,-153.634627
x1,-153.734451
x1,-153.834204
x1,-153.933885
x1,-154.033495
x1,-154.133034
x1,-154.232502
x1,-154.331899
x1,-154.431224
x1,-154.530478
x1,-154.629884
x1,-154.728996
x1,-154.828260
x1,-154.927230
x1,-155.026352
x1,-155.125403
x1,-155.224160
x1,-155.323070
x1,-155.421908
x1,-155.520676
x1,-155.619374
x1,-155.718000
x1,-155.816781
x1,-155.915266
x1,-156.013680
x1,-156.112249
x1,-156.210522
x1,-156.308950
x1,-156.407082
x1,-156.505369
x1,-156.603586
x1,-156.701732
x1,-156.799581
x1,-156.897586
x1,-156.995521
x1,-157.093614
x1,-157.191408
x1,-157.289132
x1,-157.386786
x1,-157.484597
x1,-157.582110
x1,-157.679782
x1,-157.777154
x1,-157.874686
x1,-157.972147
x1,-158.069539
x1,-158.166860
x1,-158.264111
x1,-158.361293
x1,-158.458404
x1,-158.555446
x1,-158.652417
x1,-158.749318
x1,-158.846381
x1,-158.943143
x1,-159.040066
x1,-159.136688
x1,-159.233472
x1,-159.330186
x1,-159.426831
x1,-159.523174
x1,-159.619679
x1,-159.716115
x1,-159.812481
x1,-159.909011
x1,-160.005238
x1,-160.101396
x1,-160.197484
x1,-160.293737
x1,-160.389686
x1,-160.485800
x1,-160.581845
x1,-160.677586
x1,-160.773492
x1,-160.869329
x1,-160.965097
x1,-161.060796
x1,-161.156426
x1,-161.251986
x1,-161.347477
x1,-161.442899
x1,-161.538489
x1,-161.633773
x1,-161.729225
x1,-161.824370
x1,-161.919685
x1,-162.014692
x1,-162.109868
x1,-162.204976
x1,-162.300015
x1,-162.394985
x1,-162.489886
x1,-162.584718
x1,-162.679482
x1,-162.774177
x1,-162.869043
x1,-162.963600
x1,-163.058089
x1,-163.152749
x1,-163.247100
x1,-163.341623
x1,-163.436078
x1,-163.530223
x1,-163.624541
x1,-163.718790
x1,-163.812971
x1,-163.907084
x1,-164.001128
x1,-164.095346
x1,-164.189254
x1,-164.283093
x1,-164.376864
x1,-164.470810
x1,-164.564444
x1,-164.658253
x1,-164.751995
x1,-164.845424
x1,-164.939029
x1,-165.032566
x1,-165.126036
x1,-165.219437
x1,-165.312770
x1,-165.406035
x1,-165.499232
x1,-165.592607
x1,-165.685669
x1,-165.778662
x1,-165.871834
x1,-165.964691
x1,-166.057727
x1,-166.150696
x1,-166.243597
x1,-166.336183
x1,-166.428949
x1,-166.521647
x1,-166.614277
x1,-166.706840
x1,-166.799335
x1,-166.892011
x1,-166.984371
x1,-167.076664
x1,-167.169138
x1,-167.261296
x1,-167.353635
x1,-167.445658
x1,-167.537862
x1,-167.630000
x1,-167.722070
x1,-167.814074
x1,-167.905759
x1,-167.997878
x1,-168.089680
x1,-168.181414
x1,-168.273082
x1,-168.364682
x1,-168.456466
x1,-168.547932
x1,-168.639583
x1,-168.730914
x1,-168.822431
x1,-168.913629
x1,-169.005012
x1,-169.096328
x1,-169.187578
x1,-169.278761
x1,-169.369877
x1,-169.460926
x1,-169.551908
x1,-169.642824
x1,-169.733927
x1,-169.824710
x1,-169.915680
x1,-170.006329
x1,-170.097166
x1,-170.187682
x1,-170.278386
x1,-170.369024
x1,-170.459596
x1,-170.549844
x1,-170.640283
x1,-170.730655
x1,-170.821218
x1,-170.911458
x1,-171.001631
x1,-171.091738
x1,-171.182036
x1,-171.272010
x1,-171.362176
x1,-171.452018
x1,-171.542051
x1,-171.631760
x1,-171.721662
x1,-171.811498
x1,-171.901267
x1,-171.990971
x1,-172.080608
x1,-172.170180
x1,-172.259686
x1,-172.349125
x1,-172.438759
x1,-172.528067
x1,-172.617309
x1,-172.706746
x1,-172.795856
x1,-172.885162
x1,-172.974402
x1,-173.063314
x1,-173.152423
x1,-173.241466
x1,-173.330443
x1,-173.419355
x1,-173.508201
x1,-173.596982
x1,-173.685960
x1,-173.774610
x1,-173.863194
x1,-173.951976
x1,-174.040429
x1,-174.129081
x1,-174.217403
x1,-174.305924
x1,-174.394380
x1,-174.482506
x1,-174.570831
x1,-174.659091
x1,-174.747286
x1,-174.835416
x1,-174.923481
x1,-175.011746
x1,-175.099681
x1,-175.187550
x1,-175.275354
x1,-175.363360
x1,-175.451034
x1,-175.538910
x1,-175.626721
x1,-175.714200
x1,-175.801882
x1,-175.889498
x1,-175.977050
x1,-176.064538
x1,-176.151960
x1,-176.239318
x1,-176.326610
x1,-176.413838
x1,-176.501271
x1,-176.588370
x1,-176.675404
x1,-176.762643
x1,-176.849548
x1,-176.936658
x1,-177.023704
x1,-177.110414
x1,-177.197331
x1,-177.284184
x1,-177.370972
x1,-177.457696
x1,-177.544355
x1,-177.630950
x1,-177.717481
x1,-177.804220
x1,-177.890622
x1,-177.976960
x1,-178.063506
x1,-178.149715
x1,-178.236134
x1,-178.322488
x1,-178.408504
x1,-178.494730
x1,-178.580893
x1,-178.666991
x1,-178.753025
x1,-178.838995
x1,-178.924901
x1,-179.010744
x1,-179.096522
x1,-179.182512
x1,-179.268162
x1,-179.353749
x1,-179.439548
x1,-179.525006
x1,-179.610678
x1,-179.696286
x1,-179.781553
x1,-179.867034
x1,-179.952451
x1,-180.037804
x1,-180.123094
x1,-180.208320
x1,-180.293483
x1,-180.378582
x1,-180.463896
x1,-180.548868
x1,-180.633776
x1,-180.718901
x1,-180.803682
x1,-180.888680
x1,-180.973334
x1,-181.058206
x1,-181.143014
x1,-181.227758
x1,-181.312159
x1,-181.396777
x1,-181.481332
x1,-181.565824
x1,-181.650253
x1,-181.734900
x1,-181.819202
x1,-181.903442
x1,-181.987900
x1,-182.072013
x1,-182.156346
x1,-182.240333
x1,-182.324540
x1,-182.408400
x1,-182.492482
x1,-182.576500
x1,-182.660456
x1,-182.744348
x1,-182.828178
x1,-182.911946
x1,-182.995650
x1,-183.079292
x1,-183.163156
x1,-183.246672
x1,-183.330125
x1,-183.413802
x1,-183.497130
x1,-183.580682
x1,-183.663884
x1,-183.747311
x1,-183.830675
x1,-183.913977
x1,-183.997216
x1,-184.080393
x1,-184.163508
x1,-184.246560
x1,-184.329550
x1,-184.412477
x1,-184.495342
x1,-184.578145
x1,-184.661174
x1,-184.743852
x1,-184.826757
x1,-184.909310
x1,-184.992091
x1,-185.074810
x1,-185.157177
x1,-185.239771
x1,-185.322304
x1,-185.404774
x1,-185.487183
x1,-185.569530
x1,-185.651814
x1,-185.734037
x1,-185.816489
x1,-185.898588
x1,-185.980625
x1,-186.062892
x1,-186.144805
x1,-186.226949
x1,-186.309031
x1,-186.390758
x1,-186.472717
x1,-186.554614
x1,-186.636450
x1,-186.718224
x1,-186.799936
x1,-186.881587
x1,-186.963176
x1,-187.044704
x1,-187.126170
x1,-187.207574
x1,-187.289213
x1,-187.370494
x1,-187.452010
x1,-187.533168
x1,-187.614561
x1,-187.695893
x1,-187.776867
x1,-187.858076
x1,-187.939224
x1,-188.020311
x1,-188.101336
x1,-188.182301
x1,-188.263204
x1,-188.344046
x1,-188.424827
x1,-188.505845
x1,-188.586503
x1,-188.667101
x1,-188.747936
x1,-188.828411
x1,-188.909125
x1,-188.989777
x1,-189.070069
x1,-189.150600
x1,-189.231070
x1,-189.311479
x1,-189.391828
x1,-189.472115
x1,-189.552342
x1,-189.632508
x1,-189.712613
x1,-189.792658
x1,-189.872943
x1,-189.952866
x1,-190.033030
x1,-190.112832
x1,-190.192875
x1,-190.272556
x1,-190.352478
x1,-190.432340
x1,-190.511838
x1,-190.591579
x1,-190.671260
x1,-190.750880
x1,-190.830440
x1,-190.909939
x1,-190.989378
x1,-191.069062
x1,-191.148380
x1,-191.227638
x1,-191.307141
x1,-191.386278
x1,-191.465661
x1,-191.544678
x1,-191.623941
x1,-191.703143
x1,-191.781979
x1,-191.861062
x1,-191.940084
x1,-192.019046
x1,-192.097949
x1,-192.176791
x1,-192.255574
x1,-192.334296
x1,-192.413267
x1,-192.491869
x1,-192.570412
x1,-192.649203
x1,-192.727626
x1,-192.806298
x1,-192.884601
x1,-192.963154
x1,-193.041647
x1,-193.120080
x1,-193.198144
x1,-193.276458
x1,-193.354712
x1,-193.432907
x1,-193.511042
x1,-193.589429
x1,-193.667445
x1,-193.745402
x1,-193.823299
x1,-193.901448
x1,-193.979226
x1,-194.057257
x1,-194.134916
x1,-194.212828
x1,-194.290681
x1,-194.368162
x1,-194.445896
x1,-194.523571
x1,-194.601187
x1,-194.678744
x1,-194.756242
x1,-194.833680
x1,-194.911059
x1,-194.988379
x1,-195.065955
x1,-195.143157
x1,-195.220299
x1,-195.297698
x1,-195.374723
x1,-195.452004
x1,-195.528910
x1,-195.606074
x1,-195.683178
x1,-195.760224
x1,-195.836894
x1,-195.913822
x1,-195.990691
x1,-196.067502
x1,-196.144253
x1,-196.221264
x1,-196.297898
x1,-196.374474
x1,-196.450990
x1,-196.527767
x1,-196.604166
x1,-196.680826
x1,-196.757107
x1,-196.833650
x1,-196.910134
x1,-196.986240
x1,-197.062607
x1,-197.138916
x1,-197.215166
x1,-197.291358
x1,-197.367492
x1,-197.443567
x1,-197.519584
x1,-197.595542
x1,-197.671764
x1,-197.747606
x1,-197.823389
x1,-197.899437
x1,-197.975104
x1,-198.051035
x1,-198.126585
x1,-198.202400
x1,-198.278157
x1,-198.353856
x1,-198.429173
x1,-198.504756
x1,-198.580281
x1,-198.655748
x1,-198.731156
x1,-198.806832
x1,-198.882125
x1,-198.957360
x1,-199.032537
x1,-199.107982
x1,-199.183043
x1,-199.258372
x1,-199.333317
x1,-199.408531
x1,-199.483361
x1,-199.558459
x1,-199.633500
x1,-199.708483
x1,-199.783409
x1,-199.858277
x1,-199.933087
x1,-200.007840
x1,-200.082535
x1,-200.157173
x1,-200.231753
x1,-200.306275
x1,-200.381069
x1,-200.455476
x1,-200.530156
x1,-200.604448
x1,-200.679013
x1,-200.753190
x1,-200.827640
x1,-200.902033
x1,-200.976368
x1,-201.050316
x1,-201.124537
x1,-201.198701
x1,-201.272807
x1,-201.346857
x1,-201.421181
x1,-201.495116
x1,-201.568994
x1,-201.642815
x1,-201.716911
x1,-201.790618
x1,-201.864600
x1,-201.938192
x1,-202.012061
x1,-202.085873
x1,-202.159294
x1,-202.232992
x1,-202.306633
x1,-202.380218
x1,-202.453745
x1,-202.527216
x1,-202.600630
x1,-202.673987
x1,-202.747288
x1,-202.820531
x1,-202.894054
x1,-202.967184
x1,-203.040257
x1,-203.113610
x1,-203.186570
x1,-203.259810
x1,-203.332657
x1,-203.405784
x1,-203.478855
x1,-203.551869
x1,-203.624827
x1,-203.697390
x1,-203.770235
x1,-203.843023
x1,-203.916094
x1,-203.988770
x1,-204.061389
x1,-204.133952
x1,-204.206459
x1,-204.279248
x1,-204.351642
x1,-204.424320
x1,-204.496601
x1,-204.569167
x1,-204.641336
x1,-204.713789
x1,-204.786186
x1,-204.858527
x1,-204.930812
x1,-205.002700
x1,-205.074873
x1,-205.146990
x1,-205.219393
x1,-205.291398
x1,-205.363348
x1,-205.435241
x1,-205.507078
x1,-205.579202
x1,-205.650928
x1,-205.722941
x1,-205.794554
x1,-205.866456
x1,-205.938302
x1,-206.009748
x1,-206.081483
x1,-206.153162
x1,-206.224785
x1,-206.296353
x1,-206.367865
x1,-206.439322
x1,-206.510723
x1,-206.582068
x1,-206.653358
x1,-206.724592
x1,-206.796117
x1,-206.867240
x1,-206.938308
x1,-207.009667
x1,-207.080624
x1,-207.151872
x1,-207.223066
x1,-207.293856
x1,-207.364939
x1,-207.435966
x1,-207.506939
x1,-207.577856
x1,-207.648718
x1,-207.719525
x1,-207.790276
x1,-207.860973
x1,-207.931614
x1,-208.002550
x1,-208.073081
x1,-208.143557
x1,-208.214328
x1,-208.284694
x1,-208.355355
x1,-208.425610
x1,-208.496162
x1,-208.566659
x1,-208.636749
x1,-208.707136
x1,-208.777468
x1,-208.847746
x1,-208.917968
x1,-208.988136
x1,-209.058249
x1,-209.128307
x1,-209.198311
x1,-209.268613
x1,-209.338507
x1,-209.408346
x1,-209.478485
x1,-209.548214
x1,-209.618244
x1,-209.687864
x1,-209.757785
x1,-209.827296
x1,-209.897108
x1,-209.966865
x1,-210.036568
x1,-210.106216
x1,-210.175810
x1,-210.245350
x1,-210.314835
x1,-210.384266
x1,-210.453642
x1,-210.522964
x1,-210.592232
x1,-210.661802
x1,-210.730961
x1,-210.800424
x1,-210.869474
x1,-210.938829
x1,-211.007771
x1,-211.077017
x1,-211.146209
x1,-211.214988
x1,-211.284072
x1,-211.353102
x1,-211.422078
x1,-211.491000
x1,-211.559868
x1,-211.628682
x1,-211.697442
x1,-211.766509
x1,-211.835161
x1,-211.903759
x1,-211.972303
x1,-212.041155
x1,-212.109592
x1,-212.178336
x1,-212.246665
x1,-212.315302
x1,-212.383885
x1,-212.452052
x1,-212.520528
x1,-212.588950
x1,-212.657319
x1,-212.725634
x1,-212.793896
x1,-212.862104
x1,-212.930258
x1,-212.998359
x1,-213.066771
x1,-213.134765
x1,-213.202705
x1,-213.270957
x1,-213.338790
x1,-213.406570
x1,-213.474661
x1,-213.542700
x1,-213.610319
x1,-213.678251
x1,-213.746130
x1,-213.813589
x1,-213.881361
x1,-213.949080
x1,-214.016746
x1,-214.084358
x1,-214.151918
x1,-214.219424
x1,-214.287245
x1,-214.354645
x1,-214.421992
x1,-214.489286
x1,-214.556895
x1,-214.624082
x1,-214.691586
x1,-214.758667
x1,-214.826065
x1,-214.893410
x1,-214.960332
x1,-215.027571
x1,-215.094758
x1,-215.161891
x1,-215.228972
x1,-215.296000
x1,-215.362975
x1,-215.429898
x1,-215.496767
x1,-215.563584
x1,-215.630348
x1,-215.697432
x1,-215.764090
x1,-215.830696
x1,-215.897622
x1,-215.964122
x1,-216.030943
x1,-216.097338
x1,-216.164054
x1,-216.230718
x1,-216.297329
x1,-216.363514
x1,-216.430020
x1,-216.496474
x1,-216.562875
x1,-216.629224
x1,-216.695521
x1,-216.761765
x1,-216.828332
x1,-216.894472
x1,-216.960559
x1,-217.026594
x1,-217.092953
x1,-217.158883
x1,-217.225138
x1,-217.290964
x1,-217.357114
x1,-217.423213
x1,-217.488882
x1,-217.554876
x1,-217.620818
x1,-217.686709
x1,-217.752547
x1,-217.818334
x1,-217.884068
x1,-217.949750
x1,-218.015381
x1,-218.080959
x1,-218.146486
x1,-218.211960
x1,-218.277763
x1,-218.343133
x1,-218.408832
x1,-218.474099
x1,-218.539695
x1,-218.604858
x1,-218.670350
x1,-218.735791
x1,-218.800799
x1,-218.866136
x1,-218.931422
x1,-218.996656
x1,-219.061839
x1,-219.126970
x1,-219.192049
x1,-219.257077
x1,-219.322053
x1,-219.386978
x1,-219.452234
x1,-219.517056
x1,-219.581826
x1,-219.646929
x1,-219.711596
x1,-219.776596
x1,-219.841160
x1,-219.906058
x1,-219.970519
x1,-220.035314
x1,-220.100057
x1,-220.164750
x1,-220.229391
x1,-220.293982
x1,-220.358521
x1,-220.423008
x1,-220.487445
x1,-220.551830
x1,-220.616165
x1,-220.680448
x1,-220.745067
x1,-220.809248
x1,-220.873378
x1,-220.937844
x1,-221.001872
x1,-221.066237
x1,-221.130162
x1,-221.194425
x1,-221.258638
x1,-221.322410
x1,-221.386520
x1,-221.450580
x1,-221.514589
x1,-221.578547
x1,-221.642455
x1,-221.706311
x1,-221.770117
x1,-221.833872
x1,-221.897576
x1,-221.961621
x1,-222.025224
x1,-222.088776
x1,-222.152669
x1,-222.216120
x1,-222.279912
x1,-222.343262
x1,-222.406953
x1,-222.470201
x1,-222.533791
x1,-222.597331
x1,-222.660821
x1,-222.724260
x1,-222.787649
x1,-222.850593
x1,-222.913881
x1,-222.977513
x1,-223.040700
x1,-223.103837
x1,-223.166923
x1,-223.229959
x1,-223.293341
x1,-223.356276
x1,-223.419161
x1,-223.482392
x1,-223.545176
x1,-223.608307
x1,-223.671388
x1,-223.734022
x1,-223.797002
x1,-223.859933
x1,-223.922416
x1,-223.985246
x1,-224.048026
x1,-224.110757
x1,-224.173437
x1,-224.236068
x1,-224.298648
x1,-224.361578
x1,-224.424058
x1,-224.486489
x1,-224.548869
x1,-224.611600
x1,-224.673881
x1,-224.736512
x1,-224.798693
x1,-224.861225
x1,-224.923306
x1,-224.985738
x1,-225.048121
x1,-225.110053
x1,-225.172336
x1,-225.234570
x1,-225.296754
x1,-225.358889
x1,-225.420974
x1,-225.483009
x1,-225.544995
x1,-225.606931
x1,-225.669221
x1,-225.731058
x1,-225.792846
x1,-225.854584
x1,-225.916677
x1,-225.978316
x1,-226.040310
x1,-226.101850
x1,-226.163745
x1,-226.225591
x1,-226.286983
x1,-226.348730
x1,-226.410429
x1,-226.472078
x1,-226.533678
x1,-226.595229
x1,-226.656730
x1,-226.718183
x1,-226.779586
x1,-226.840940
x1,-226.902245
x1,-226.963500
x1,-227.025115
x1,-227.086272
x1,-227.147380
x1,-227.208848
x1,-227.269858
x1,-227.331227
x1,-227.392139
x1,-227.453411
x1,-227.514634
x1,-227.575398
x1,-227.636524
x1,-227.697600
x1,-227.758628
x1,-227.819606
x1,-227.880536
x1,-227.941418
x1,-228.002250
x1,-228.063034
x1,-228.123768
x1,-228.184454
x1,-228.245503
x1,-228.306092
x1,-228.366632
x1,-228.427535
x1,-228.487978
x1,-228.548784
x1,-228.609129
x1,-228.669838
x1,-228.730499
x1,-228.790698
x1,-228.851262
x1,-228.911778
x1,-228.972245
x1,-229.032664
x1,-229.093034
x1,-229.153356
x1,-229.213630
x1,-229.273855
x1,-229.334032
x1,-229.394160
x1,-229.454240
x1,-229.514688
x1,-229.574671
x1,-229.634606
x1,-229.694910
x1,-229.754748
x1,-229.814955
x1,-229.874697
x1,-229.934808
x1,-229.994870
x1,-230.054467
x1,-230.114434
x1,-230.174353
x1,-230.234223
x1,-230.294046
x1,-230.353820
x1,-230.413547
x1,-230.473226
x1,-230.532856
x1,-230.592439
x1,-230.651973
x1,-230.711880
x1,-230.771319
x1,-230.830710
x1,-230.890473
x1,-230.949768
x1,-231.009015
x1,-231.068635
x1,-231.128208
x1,-231.187311
x1,-231.246788
x1,-231.306218
x1,-231.365178
x1,-231.424512
x1,-231.483799
x1,-231.543038
x1,-231.602229
x1,-231.661373
x1,-231.720469
x1,-231.779518
x1,-231.838519
x1,-231.897896
x1,-231.956802
x1,-232.015660
x1,-232.074471
x1,-232.133659
x1,-232.192375
x1,-232.251468
x1,-232.310089
x1,-232.369088
x1,-232.428040
x1,-232.486518
x1,-232.545375
x1,-232.604185
x1,-232.662947
x1,-232.721236
x1,-232.779904
x1,-232.838525
x1,-232.897098
x1,-232.955625
x1,-233.014104
x1,-233.072964
x1,-233.131349
x1,-233.189687
x1,-233.247977
x1,-233.306650
x1,-233.364846
x1,-233.423424
x1,-233.481527
x1,-233.540011
x1,-233.598019
x1,-233.656410
x1,-233.714324
x1,-233.772621
x1,-233.830871
x1,-233.889074
x1,-233.947231
x1,-234.004910
x1,-234.062972
x1,-234.120988
x1,-234.178958
x1,-234.237312
x1,-234.295188
x1,-234.353017
x1,-234.410799
x1,-234.468534
x1,-234.526656
x1,-234.584298
x1,-234.641893
x1,-234.699875
x1,-234.757377
x1,-234.815266
x1,-234.873109
x1,-234.930470
x1,-234.988220
x1,-235.045923
x1,-235.103145
x1,-235.160755
x1,-235.218319
x1,-235.275836
x1,-235.333307
x1,-235.390732
x1,-235.448110
x1,-235.505442
x1,-235.562727
x1,-235.620403
x1,-235.677596
x1,-235.734742
x1,-235.792280
x1,-235.849334
x1,-235.906341
x1,-235.963740
x1,-236.020655
x1,-236.077962
x1,-236.135222
x1,-236.191998
x1,-236.249167
x1,-236.306290
x1,-236.363366
x1,-236.419957
x1,-236.476942
x1,-236.533880
x1,-236.590772
x1,-236.647619
x1,-236.704419
x1,-236.761614
x1,-236.818323
x1,-236.874986
x1,-236.931602
x1,-236.988173
x1,-237.045139
x1,-237.101618
x1,-237.158493
x1,-237.214880
x1,-237.271664
x1,-237.327959
x1,-237.384651
x1,-237.441298
x1,-237.497455
x1,-237.554010
x1,-237.610520
x1,-237.666984
x1,-237.723402
x1,-237.779775
x1,-237.836102
x1,-237.892384
x1,-237.948620
x1,-238.004810
x1,-238.060955
x1,-238.117054
x1,-238.173554
x1,-238.229562
x1,-238.285525
x1,-238.341888
x1,-238.397760
x1,-238.454032
x1,-238.509813
x1,-238.565995
x1,-238.621685
x1,-238.677776
x1,-238.733823
x1,-238.789824
x1,-238.845332
x1,-238.901242
x1,-238.957108
x1,-239.012928
x1,-239.068703
x1,-239.124433
x1,-239.180117
x1,-239.235757
x1,-239.291801
x1,-239.347350
x1,-239.402854
x1,-239.458313
x1,-239.514177
x1,-239.569546
x1,-239.625320
x1,-239.680598
x1,-239.736283
x1,-239.791471
x1,-239.847066
x1,-239.902616
x1,-239.957669
x1,-240.013129
x1,-240.068545
x1,-240.123915
x1,-240.179241
x1,-240.234522
x1,-240.289758
x1,-240.344950
x1,-240.400096
x1,-240.455198
x1,-240.510255
x1,-240.565267
x1,-240.620235
x1,-240.675612
x1,-240.730490
x1,-240.785323
x1,-240.840567
x1,-240.895311
x1,-240.950466
x1,-241.005120
x1,-241.060186
x1,-241.115207
x1,-241.169728
x1,-241.224660
x1,-241.279548
x1,-241.334392
x1,-241.389191
x1,-241.443946
x1,-241.498656
x1,-241.553322
x1,-241.607944
x1,-241.662521
x1,-241.717054
x1,-241.771542
x1,-241.825986
x1,-241.880845
x1,-241.935200
x1,-241.989511
x1,-242.044238
x1,-242.098460
x1,-242.153098
x1,-242.207232
x1,-242.261782
x1,-242.315827
x1,-242.370289
x1,-242.424707
x1,-242.479081
x1,-242.532949
x1,-242.587234
x1,-242.641476
x1,-242.695674
x1,-242.749827
x1,-242.803937
x1,-242.858002
x1,-242.912024
x1,-242.966465
x1,-243.020399
x1,-243.074288
x1,-243.128134
x1,-243.182400
x1,-243.236158
x1,-243.289872
x1,-243.344007
x1,-243.397633
x1,-243.451680
x1,-243.505684
x1,-243.559178
x1,-243.613094
x1,-243.666967
x1,-243.720330
x1,-243.774115
x1,-243.827857
x1,-243.881555
x1,-243.935209
x1,-243.988820
x1,-244.042387
x1,-244.095911
x1,-244.149391
x1,-244.202827
x1,-244.256688
x1,-244.310037
x1,-244.363343
x1,-244.416605
x1,-244.470293
x1,-244.523468
x1,-244.577069
x1,-244.630157
x1,-244.683671
x1,-244.736672
x1,-244.790100
x1,-244.843484
x1,-244.896826
x1,-244.949653
x1,-245.002908
x1,-245.056119
x1,-245.109287
x1,-245.162412
x1,-245.215494
x1,-245.268533
x1,-245.321528
x1,-245.374480
x1,-245.427389
x1,-245.480255
x1,-245.533550
x1,-245.586330
x1,-245.639066
x1,-245.692233
x1,-245.744883
x1,-245.797964
x1,-245.850528
x1,-245.903523
x1,-245.956001
x1,-246.008910
x1,-246.061776
x1,-246.114125
x1,-246.166906
x1,-246.219643
x1,-246.272338
x1,-246.324991
x1,-246.377600
x1,-246.430167
x1,-246.482690
x1,-246.535171
x1,-246.587610
x1,-246.640005
x1,-246.692358
x1,-246.744667
x1,-246.797412
x1,-246.849636
x1,-246.901818
x1,-246.954435
x1,-247.006531
x1,-247.059063
x1,-247.111074
x1,-247.163521
x1,-247.215446
x1,-247.267808
x1,-247.320128
x1,-247.371925
x1,-247.424160
x1,-247.476352
x1,-247.528502
x1,-247.580609
x1,-247.632674
x1,-247.684697
x1,-247.736677
x1,-247.788615
x1,-247.840510
x1,-247.892363
x1,-247.944656
x1,-247.996424
x1,-248.048150
x1,-248.099834
x1,-248.151958
x1,-248.203557
x1,-248.255597
x1,-248.307111
x1,-248.359067
x1,-248.410497
x1,-248.462368
x1,-248.514197
x1,-248.565500
x1,-248.617246
x1,-248.668949
x1,-248.720610
x1,-248.772229
x1,-248.823806
x1,-248.875342
x1,-248.926835
x1,-248.978286
x1,-249.029695
x1,-249.081062
x1,-249.132388
x1,-249.183671
x1,-249.235399
x1,-249.286598
x1,-249.337756
x1,-249.389359
x1,-249.440432
x1,-249.491952
x1,-249.542942
x1,-249.594378
x1,-249.645284
x1,-249.696637
x1,-249.747948
x1,-249.798728
x1,-249.849956
x1,-249.901142
x1,-249.952287
x1,-250.003390
x1,-250.054451
x1,-250.105471
x1,-250.156449
x1,-250.207386
x1,-250.258281
x1,-250.309134
x1,-250.359946
x1,-250.410716
x1,-250.461937
x1,-250.512624
x1,-250.563270
x1,-250.614366
x1,-250.664929
x1,-250.715942
x1,-250.766422
x1,-250.817353
x1,-250.867750
x1,-250.918598
x1,-250.969406
x1,-251.019678
x1,-251.070403
x1,-251.121086
x1,-251.171729
x1,-251.222330
x1,-251.272890
x1,-251.323409
x1,-251.373886
x1,-251.424323
x1,-251.474718
x1,-251.525072
x1,-251.575385
x1,-251.625656
x1,-251.675887
x1,-251.726573
x1,-251.776721
x1,-251.826828
x1,-251.877391
x1,-251.927416
x1,-251.977897
x1,-252.027840
x1,-252.078240
x1,-252.128598
x1,-252.178418
x1,-252.228695
x1,-252.278931
x1,-252.329126
x1,-252.378782
x1,-252.428895
x1,-252.478968
x1,-252.529000
x1,-252.578991
x1,-252.628942
x1,-252.678851
x1,-252.728720
x1,-252.779049
x1,-252.828836
x1,-252.878583
x1,-252.928289
x1,-252.978456
x1,-253.028080
x1,-253.077664
x1,-253.127709
x1,-253.177211
x1,-253.227175
x1,-253.276596
x1,-253.326479
x1,-253.376322
x1,-253.425621
x1,-253.475383
x1,-253.525104
x1,-253.574785
x1,-253.623921
x1,-253.673521
x1,-253.723081
x1,-253.772600
x1,-253.822079
x1,-253.871517
x1,-253.920915
x1,-253.970779
x1,-254.020096
x1,-254.069373
x1,-254.118610
x1,-254.168312
x1,-254.217468
x1,-254.266584
x1,-254.316166
x1,-254.365201
x1,-254.414704
x1,-254.463658
x1,-254.513080
x1,-254.561954
x1,-254.611296
x1,-254.660597
x1,-254.709350
x1,-254.758572
x1,-254.807754
x1,-254.856895
x1,-254.905997
x1,-254.955058
x1,-255.004080
x1,-255.053062
x1,-255.102003
x1,-255.150905
x1,-255.199766
x1,-255.248588
x1,-255.297370
x1,-255.346623
x1,-255.395324
x1,-255.443986
x1,-255.493120
x1,-255.541702
x1,-255.590756
x1,-255.639259
x1,-255.688234
x1,-255.736656
x1,-255.785552
x1,-255.833894
x1,-255.882710
x1,-255.931487
x1,-255.980224
x1,-256.028407
x1,-256.077065
x1,-256.125683
x1,-256.174261
x1,-256.222800
x1,-256.271299
x1,-256.319759
x1,-256.368179
x1,-256.416559
x1,-256.465416
x1,-256.513717
x1,-256.561979
x1,-256.610201
x1,-256.658901
x1,-256.707044
x1,-256.755148
x1,-256.803729
x1,-256.851754
x1,-256.900256
x1,-256.948202
x1,-256.996626
x1,-257.045011
x1,-257.092838
x1,-257.141145
x1,-257.189412
x1,-257.237640
x1,-257.285309
x1,-257.333459
x1,-257.381569
x1,-257.429640
x1,-257.477672
x1,-257.525664
x1,-257.573618
x1,-257.621532
x1,-257.669928
x1,-257.717764
x1,-257.765561
x1,-257.813318
x1,-257.861559
x1,-257.909238
x1,-257.956878
x1,-258.005002
x1,-258.052564
x1,-258.100609
x1,-258.148093
x1,-258.196061
x1,-258.243466
x1,-258.291356
x1,-258.339208
x1,-258.387020
x1,-258.434269
x1,-258.482004
x1,-258.529700
x1,-258.577357
x1,-258.624975
x1,-258.672554
x1,-258.720095
x1,-258.767597
x1,-258.815060
x1,-258.862484
x1,-258.909869
x1,-258.957216
x1,-259.005050
x1,-259.052320
x1,-259.099550
x1,-259.147269
x1,-259.194422
x1,-259.241536
x1,-259.289139
x1,-259.336176
x1,-259.383702
x1,-259.431190
x1,-259.478111
x1,-259.525522
x1,-259.572894
x1,-259.619699
x1,-259.666994
x1,-259.714251
x1,-259.761470
x1,-259.808650
x1,-259.855792
x1,-259.902895
x1,-259.949960
x1,-259.996987
x1,-260.043975
x1,-260.090925
x1,-260.137836
x1,-260.184709
x1,-260.232076
x1,-260.278872
x1,-260.325630
x1,-260.372882
x1,-260.419563
x1,-260.466206
x1,-260.513344
x1,-260.559910
x1,-260.606972
x1,-260.653462
x1,-260.700447
x1,-260.747394
x1,-260.793769
x1,-260.840640
x1,-260.887473
x1,-260.934268
x1,-260.981025
x1,-261.027744
x1,-261.073890
x1,-261.120532
x1,-261.167137
x1,-261.214240
x1,-261.260769
x1,-261.307260
x1,-261.353713
x1,-261.400128
x1,-261.446505
x1,-261.493381
x1,-261.539682
x1,-261.585946
x1,-261.632709
x1,-261.678896
x1,-261.725584
x1,-261.771695
x1,-261.818307
x1,-261.864343
x1,-261.910880
x1,-261.956840
x1,-262.003301
x1,-262.049725
x1,-262.096111
x1,-262.141920
x1,-262.188231
x1,-262.234504
x1,-262.280740
x1,-262.326938
x1,-262.373098
x1,-262.419221
x1,-262.465306
x1,-262.511354
x1,-262.557364
x1,-262.603336
x1,-262.649813
x1,-262.695710
x1,-262.741570
x1,-262.787935
x1,-262.833720
x1,-262.879467
x1,-262.925720
x1,-262.971392
x1,-263.017571
x1,-263.063168
x1,-263.109272
x1,-263.155338
x1,-263.200823
x1,-263.246815
x1,-263.292770
x1,-263.338142
x1,-263.384023
x1,-263.429866
x1,-263.475671
x1,-263.521440
x1,-263.567171
x1,-263.612866
x1,-263.658523
x1,-263.704142
x1,-263.749725
x1,-263.795270
x1,-263.840779
x1,-263.886797
x1,-263.932231
x1,-263.977628
x1,-264.022988
x1,-264.068858
x1,-264.114144
x1,-264.159941
x1,-264.205152
x1,-264.250875
x1,-264.296012
x1,-264.341662
x1,-264.387274
x1,-264.432300
x1,-264.477839
x1,-264.523341
x1,-264.568255
x1,-264.613684
x1,-264.659075
x1,-264.704430
x1,-264.749747
x1,-264.795028
x1,-264.840273
x1,-264.885480
x1,-264.930651
x1,-264.975784
x1,-265.020881
x1,-265.065942
x1,-265.111518
x1,-265.156505
x1,-265.201455
x1,-265.246368
x1,-265.291798
x1,-265.336638
x1,-265.381995
x1,-265.426762
x1,-265.472046
x1,-265.516739
x1,-265.561950
x1,-265.606570
x1,-265.651708
x1,-265.696810
x1,-265.741875
x1,-265.786348
x1,-265.831340
x1,-265.876296
x1,-265.921216
x1,-265.966099
x1,-266.010946
x1,-266.055756
x1,-266.100530
x1,-266.145268
x1,-266.189969
x1,-266.234634
x1,-266.279262
x1,-266.323854
x1,-266.368969
x1,-266.413488
x1,-266.457971
x1,-266.502977
x1,-266.547387
x1,-266.591761
x1,-266.636659
x1,-266.680960
x1,-266.725785
x1,-266.770014
x1,-266.814767
x1,-266.859484
x1,-266.903604
x1,-266.948249
x1,-266.992858
x1,-267.037430
x1,-267.081405
x1,-267.125906
x1,-267.170371
x1,-267.214799
x1,-267.259192
x1,-267.303548
x1,-267.347869
x1,-267.392154
x1,-267.436402
x1,-267.480615
x1,-267.525355
x1,-267.569496
x1,-267.613601
x1,-267.657670
x1,-267.702267
x1,-267.746264
x1,-267.790225
x1,-267.834715
x1,-267.878604
x1,-267.923023
x1,-267.966841
x1,-268.011188
x1,-268.055500
x1,-268.099210
x1,-268.143450
x1,-268.187655
x1,-268.231257
x1,-268.275390
x1,-268.319488
x1,-268.363550
x1,-268.407577
x1,-268.451568
x1,-268.495523
x1,-268.539443
x1,-268.583327
x1,-268.627176
x1,-268.670989
x1,-268.714766
x1,-268.758508
x1,-268.802214
x1,-268.846455
x1,-268.890090
x1,-268.933690
x1,-268.977824
x1,-269.021353
x1,-269.064846
x1,-269.108874
x1,-269.152296
x1,-269.196254
x1,-269.239605
x1,-269.283492
x1,-269.327344
x1,-269.370589
x1,-269.414370
x1,-269.458116
x1,-269.501827
x1,-269.544930
x1,-269.588570
x1,-269.632176
x1,-269.675746
x1,-269.719280
x1,-269.762780
x1,-269.806244
x1,-269.849674
x1,-269.893068
x1,-269.936426
x1,-269.980325
x1,-270.023614
x1,-270.066867
x1,-270.110085
x1,-270.153844
x1,-270.196992
x1,-270.240105
x1,-270.283759
x1,-270.326801
x1,-270.370386
x1,-270.413358
x1,-270.456872
x1,-270.499775
x1,-270.543219
x1,-270.586629
x1,-270.629426
x1,-270.672766
x1,-270.716071
x1,-270.759342
x1,-270.801998
x1,-270.845199
x1,-270.888365
x1,-270.931496
x1,-270.974592
x1,-271.017653
x1,-271.060680
x1,-271.103672
x1,-271.146629
x1,-271.190132
x1,-271.233019
x1,-271.275872
x1,-271.318690
x1,-271.362055
x1,-271.404803
x1,-271.447517
x1,-271.490778
x1,-271.533422
x1,-271.576032
x1,-271.619189
x1,-271.661730
x1,-271.704818
x1,-271.747872
x1,-271.790308
x1,-271.833293
x1,-271.876244
x1,-271.918576
x1,-271.961458
x1,-272.004305
x1,-272.047118
x1,-272.089896
x1,-272.132640
x1,-272.175350
x1,-272.218025
x1,-272.260666
x1,-272.303272
x1,-272.345844
x1,-272.388382
x1,-272.430885
x1,-272.473354
x1,-272.515788
x1,-272.558775
x1,-272.601141
x1,-272.643472
x1,-272.686357
x1,-272.728620
x1,-272.770848
x1,-272.813630
x1,-272.855790
x1,-272.898504
x1,-272.940595
x1,-272.983241
x1,-273.025853
x1,-273.067841
x1,-273.110385
x1,-273.152894
x1,-273.194780
x1,-273.237221
x1,-273.279629
x1,-273.322002
x1,-273.364342
x1,-273.406647
x1,-273.448918
x1,-273.491156
x1,-273.533359
x1,-273.575529
x1,-273.617664
x1,-273.659765
x1,-273.701833
x1,-273.744459
x1,-273.786458
x1,-273.828424
x1,-273.870356
x1,-273.912847
x1,-273.954710
x1,-273.996540
x1,-274.038930
x1,-274.080692
x1,-274.123014
x1,-274.164709
x1,-274.206964
x1,-274.249185
x1,-274.290778
x1,-274.332932
x1,-274.375052
x1,-274.416543
x1,-274.458596
x1,-274.500615
x1,-274.542601
x1,-274.584553
x1,-274.626472
x1,-274.668357
x1,-274.710208
x1,-274.752026
x1,-274.793810
x1,-274.835561
x1,-274.877278
x1,-274.918961
x1,-274.960611
x1,-275.002227
x1,-275.044409
x1,-275.085958
x1,-275.127474
x1,-275.169555
x1,-275.211004
x1,-275.253018
x1,-275.294400
x1,-275.335748
x1,-275.377663
x1,-275.419544
x1,-275.460792
x1,-275.502607
x1,-275.543788
x1,-275.585536
x1,-275.627251
x1,-275.668933
x1,-275.709980
x1,-275.751595
x1,-275.793178
x1,-275.834727
x1,-275.876242
x1,-275.917725
x1,-275.959174
x1,-276.000591
x1,-276.041974
x1,-276.083323
x1,-276.124640
x1,-276.165923
x1,-276.207174
x1,-276.248995
x1,-276.290179
x1,-276.331330
x1,-276.372448
x1,-276.414137
x1,-276.455189
x1,-276.496813
x1,-276.537798
x1,-276.579356
x1,-276.620275
x1,-276.661768
x1,-276.702620
x1,-276.744047
x1,-276.784834
x1,-276.826194
x1,-276.867522
x1,-276.908818
x1,-276.949472
x1,-276.990701
x1,-277.031898
x1,-277.073062
x1,-277.114193
x1,-277.155291
x1,-277.196356
x1,-277.237389
x1,-277.278389
x1,-277.319356
x1,-277.360290
x1,-277.401191
x1,-277.442060
x1,-277.482896
x1,-277.524310
x1,-277.565080
x1,-277.605818
x1,-277.647134
x1,-277.687806
x1,-277.728445
x1,-277.769664
x1,-277.810238
x1,-277.851392
x1,-277.891900
x1,-277.932989
x1,-277.974045
x1,-278.014456
x1,-278.055447
x1,-278.096406
x1,-278.136718
x1,-278.177612
x1,-278.218473
x1,-278.259302
x1,-278.299484
x1,-278.340248
x1,-278.380980
x1,-278.421679
x1,-278.462346
x1,-278.502980
x1,-278.543582
x1,-278.584152
x1,-278.624689
x1,-278.665810
x1,-278.706283
x1,-278.746723
x1,-278.787131
x1,-278.828124
x1,-278.868467
x1,-278.908778
x1,-278.949674
x1,-278.989920
x1,-279.030134
x1,-279.070934
x1,-279.111083
x1,-279.151818
x1,-279.192522
x1,-279.232574
x1,-279.273214
x1,-279.313202
x1,-279.353777
x1,-279.394320
x1,-279.434831
x1,-279.474690
x1,-279.515137
x1,-279.555552
x1,-279.595935
x1,-279.636286
x1,-279.676605
x1,-279.716892
x1,-279.757147
x1,-279.797370
x1,-279.837561
x1,-279.877720
x1,-279.917847
x1,-279.957942
x1,-279.998628
x1,-280.038659
x1,-280.078658
x1,-280.118626
x1,-280.159185
x1,-280.199088
x1,-280.239584
x1,-280.279423
x1,-280.319231
x1,-280.359631
x1,-280.399375
x1,-280.439712
x1,-280.480017
x1,-280.519666
x1,-280.559908
x1,-280.600118
x1,-280.639671
x1,-280.679818
x1,-280.719933
x1,-280.760017
x1,-280.800069
x1,-280.839462
x1,-280.879451
x1,-280.919408
x1,-280.959334
x1,-280.999228
x1,-281.039090
x1,-281.078921
x1,-281.118720
x1,-281.159117
x1,-281.198853
x1,-281.238558
x1,-281.278231
x1,-281.317872
x1,-281.358112
x1,-281.397690
x1,-281.437237
x1,-281.477382
x1,-281.516866
x1,-281.556949
x1,-281.596370
x1,-281.636390
x1,-281.675748
x1,-281.715706
x1,-281.755001
x1,-281.794896
x1,-281.834760
x1,-281.873960
x1,-281.913762
x1,-281.953532
x1,-281.993271
x1,-282.032346
x1,-282.072022
x1,-282.111667
x1,-282.151281
x1,-282.190864
x1,-282.230416
x1,-282.269936
x1,-282.309425
x1,-282.348883
x1,-282.388310
x1,-282.427706
x1,-282.467070
x1,-282.507039
x1,-282.546341
x1,-282.585612
x1,-282.624852
x1,-282.664697
x1,-282.703874
x1,-282.743021
x1,-282.782773
x1,-282.821857
x1,-282.861548
x1,-282.900570
x1,-282.940198
x1,-282.979158
x1,-283.018725
x1,-283.058261
x1,-283.097127
x1,-283.136602
x1,-283.176045
x1,-283.214818
x1,-283.254200
x1,-283.293551
x1,-283.332871
x1,-283.372160
x1,-283.411418
x1,-283.450646
x1,-283.489843
x1,-283.529009
x1,-283.568144
x1,-283.607248
x1,-283.646322
x1,-283.685365
x1,-283.724377
x1,-283.763358
x1,-283.802308
x1,-283.841870
x1,-283.880759
x1,-283.919618
x1,-283.959088
x1,-283.997885
x1,-284.036651
x1,-284.076030
x1,-284.114734
x1,-284.154052
x1,-284.192695
x1,-284.231952
x1,-284.270534
x1,-284.309730
x1,-284.348895
x1,-284.387385
x1,-284.426489
x1,-284.465563
x1,-284.504607
x1,-284.542974
x1,-284.581957
x1,-284.620909
x1,-284.659831
x1,-284.698722
x1,-284.737583
x1,-284.776414
x1,-284.815214
x1,-284.853984
x1,-284.892723
x1,-284.931432
x1,-284.970111
x1,-285.008759
x1,-285.048025
x1,-285.086613
x1,-285.125170
x1,-285.163697
x1,-285.202843
x1,-285.241309
x1,-285.279745
x1,-285.318800
x1,-285.357175
x1,-285.396170
x1,-285.434485
x1,-285.473420
x1,-285.511674
x1,-285.550549
x1,-285.588742
x1,-285.627557
x1,-285.666341
x1,-285.704444
x1,-285.743168
x1,-285.781863
x1,-285.820527
x1,-285.859162
x1,-285.897113
x1,-285.935687
x1,-285.974231
x1,-286.012746
x1,-286.051230
x1,-286.089684
x1,-286.128108
x1,-286.166502
x1,-286.204867
x1,-286.243201
x1,-286.282160
x1,-286.320434
x1,-286.358679
x1,-286.396893
x1,-286.435733
x1,-286.473888
x1,-286.512013
x1,-286.550764
x1,-286.588828
x1,-286.626863
x1,-286.665525
x1,-286.703500
x1,-286.742102
x1,-286.780018
x1,-286.818561
x1,-286.857074
x1,-286.894900
x1,-286.933354
x1,-286.971778
x1,-287.009514
x1,-287.047879
x1,-287.086214
x1,-287.124520
x1,-287.162137
x1,-287.200383
x1,-287.238600
x1,-287.276787
x1,-287.314945
x1,-287.353073
x1,-287.391171
x1,-287.429240
x1,-287.467279
x1,-287.505289
x1,-287.543930
x1,-287.581881
x1,-287.619802
x1,-287.657693
x1,-287.695555
x1,-287.734050
x1,-287.771853
x1,-287.809626
x1,-287.848033
x1,-287.885747
x1,-287.924095
x1,-287.961750
x1,-287.999376
x1,-288.037636
x1,-288.075867
x1,-288.113404
x1,-288.151577
x1,-288.189055
x1,-288.227169
x1,-288.265253
x1,-288.302643
x1,-288.340669
x1,-288.378666
x1,-288.416634
x1,-288.454572
x1,-288.492481
x1,-288.529694
x1,-288.567545
x1,-288.605366
x1,-288.643159
x1,-288.680922
x1,-288.718655
x1,-288.756360
x1,-288.794704
x1,-288.832350
x1,-288.869967
x1,-288.907555
x1,-288.945114
x1,-288.983313
x1,-289.020813
x1,-289.058285
x1,-289.095727
x1,-289.133810
x1,-289.171194
x1,-289.209219
x1,-289.246545
x1,-289.284512
x1,-289.321780
x1,-289.359690
x1,-289.396899
x1,-289.434751
x1,-289.471902
x1,-289.509696
x1,-289.547461
x1,-289.585198
x1,-289.622233
x1,-289.659911
x1,-289.697561
x1,-289.735182
x1,-289.772774
x1,-289.809664
x1,-289.847198
x1,-289.884704
x1,-289.922181
x1,-289.959629
x1,-289.997048
x1,-290.034438
x1,-290.071800
x1,-290.109808
x1,-290.147112
x1,-290.184388
x1,-290.221634
x1,-290.258852
x1,-290.296717
x1,-290.333878
x1,-290.371009
x1,-290.408789
x1,-290.445863
x1,-290.482908
x1,-290.520602
x1,-290.557590
x1,-290.595227
x1,-290.632158
x1,-290.669738
x1,-290.706611
x1,-290.744134
x1,-290.781629
x1,-290.818416
x1,-290.855854
x1,-290.893263
x1,-290.929964
x1,-290.967316
x1,-291.004640
x1,-291.041935
x1,-291.079202
x1,-291.116441
x1,-291.153651
x1,-291.190833
x1,-291.227305
x1,-291.264430
x1,-291.302208
x1,-291.339276
x1,-291.376316
x1,-291.413327
x1,-291.450310
x1,-291.487265
x1,-291.524191
x1,-291.561772
x1,-291.598642
x1,-291.635483
x1,-291.672296
x1,-291.709764
x1,-291.746520
x1,-291.783932
x1,-291.820632
x1,-291.857303
x1,-291.894630
x1,-291.931245
x1,-291.968516
x1,-292.005760
x1,-292.042290
x1,-292.079477
x1,-292.115950
x1,-292.153081
x1,-292.190184
x1,-292.227259
x1,-292.263619
x1,-292.300638
x1,-292.337629
x1,-292.374592
x1,-292.411526
x1,-292.448433
x1,-292.485312
x1,-292.521475
x1,-292.558297
x1,-292.595780
x1,-292.632547
x1,-292.669286
x1,-292.705997
x1,-292.742680
x1,-292.779334
x1,-292.815961
x1,-292.852560
x1,-292.889821
x1,-292.926364
x1,-292.962879
x1,-293.000057
x1,-293.036516
x1,-293.072947
x1,-293.110042
x1,-293.146417
x1,-293.183456
x1,-293.219776
x1,-293.256760
x1,-293.293024
x1,-293.329952
x1,-293.366160
x1,-293.403033
x1,-293.439878
x1,-293.476003
x1,-293.512793
x1,-293.549555
x1,-293.586290
x1,-293.622303
x1,-293.658982
x1,-293.695634
x1,-293.732258
x1,-293.768855
x1,-293.805424
x1,-293.841965
x1,-293.878479
x1,-293.914965
x1,-293.951424
x1,-293.987855
x1,-294.024258
x1,-294.060634
x1,-294.096982
x1,-294.134000
x1,-294.170293
x1,-294.206559
x1,-294.242797
x1,-294.279705
x1,-294.315888
x1,-294.352043
x1,-294.388870
x1,-294.424970
x1,-294.461043
x1,-294.497787
x1,-294.533805
x1,-294.570494
x1,-294.606457
x1,-294.643092
x1,-294.679700
x1,-294.715580
x1,-294.752134
x1,-294.788660
x1,-294.824458
x1,-294.860929
x1,-294.897373
x1,-294.933790
x1,-294.969478
x1,-295.005841
x1,-295.042176
x1,-295.078484
x1,-295.114765
x1,-295.151018
x1,-295.187245
x1,-295.223444
x1,-295.259616
x1,-295.295761
x1,-295.331878
x1,-295.367969
x1,-295.404032
x1,-295.440068
x1,-295.476781
x1,-295.512763
x1,-295.548718
x1,-295.584645
x1,-295.621250
x1,-295.657124
x1,-295.692970
x1,-295.729494
x1,-295.765286
x1,-295.801757
x1,-295.837494
x1,-295.873911
x1,-295.909595
x1,-295.945958
x1,-295.981587
x1,-296.017897
x1,-296.053472
x1,-296.089727
x1,-296.125956
x1,-296.162158
x1,-296.197625
x1,-296.233773
x1,-296.269894
x1,-296.305989
x1,-296.342057
x1,-296.377388
x1,-296.413402
x1,-296.449390
x1,-296.485350
x1,-296.521284
x1,-296.557190
x1,-296.593070
x1,-296.628924
x1,-296.664750
x1,-296.700550
x1,-296.737034
x1,-296.772780
x1,-296.808499
x1,-296.844192
x1,-296.879858
x1,-296.916209
x1,-296.951822
x1,-296.987407
x1,-297.023679
x1,-297.059211
x1,-297.094717
x1,-297.130909
x1,-297.166361
x1,-297.202500
x1,-297.237899
x1,-297.273985
x1,-297.309330
x1,-297.345363
x1,-297.381370
x1,-297.416635
x1,-297.452589
x1,-297.488516
x1,-297.523702
x1,-297.559576
x1,-297.595424
x1,-297.631246
x1,-297.667041
x1,-297.702093
x1,-297.737835
x1,-297.773551
x1,-297.809240
x1,-297.844903
x1,-297.880540
x1,-297.916150
x1,-297.951734
x1,-297.987291
x1,-298.022822
x1,-298.058327
x1,-298.094524
x1,-298.129976
x1,-298.165402
x1,-298.200801
x1,-298.236174
x1,-298.272240
x1,-298.307560
x1,-298.342854
x1,-298.378842
x1,-298.414083
x1,-298.450019
x1,-298.485208
x1,-298.520370
x1,-298.556227
x1,-298.591337
x1,-298.627142
x1,-298.662921
x1,-298.697952
x1,-298.733679
x1,-298.768657
x1,-298.804332
x1,-298.839981
x1,-298.875604
x1,-298.910477
x1,-298.946047
x1,-298.981592
x1,-299.017111
x1,-299.052603
x1,-299.087345
x1,-299.122786
x1,-299.158200
x1,-299.193588
x1,-299.228951
x1,-299.264287
x1,-299.299598
x1,-299.334882
x1,-299.370140
x1,-299.406099
x1,-299.441306
x1,-299.476486
x1,-299.511641
x1,-299.546770
x1,-299.582600
x1,-299.617676
x1,-299.652727
x1,-299.687752
x1,-299.723479
x1,-299.758452
x1,-299.794128
x1,-299.829049
x1,-299.863944
x1,-299.899542
x1,-299.934386
x1,-299.969933
x1,-300.004724
x1,-300.040220
x1,-300.075690
x1,-300.110404
x1,-300.145823
x1,-300.181216
x1,-300.215852
x1,-300.251194
x1,-300.286510
x1,-300.321800
x1,-300.356333
x1,-300.391572
x1,-300.426785
x1,-300.461973
x1,-300.497135
x1,-300.532272
x1,-300.567383
x1,-300.602468
x1,-300.637528
x1,-300.672562
x1,-300.707571
x1,-300.742554
x1,-300.777511
x1,-300.812443
x1,-300.848084
x1,-300.882965
x1,-300.917820
x1,-300.952650
x1,-300.987454
x1,-301.022968
x1,-301.057721
x1,-301.092448
x1,-301.127886
x1,-301.162562
x1,-301.197950
x1,-301.232575
x1,-301.267912
x1,-301.302486
x1,-301.337773
x1,-301.372296
x1,-301.407532
x1,-301.442004
x1,-301.477189
x1,-301.512349
x1,-301.546745
x1,-301.581854
x1,-301.616938
x1,-301.651258
x1,-301.686291
x1,-301.721299
x1,-301.756282
x1,-301.791240
x1,-301.826173
x1,-301.861080
x1,-301.895222
x1,-301.930078
x1,-301.964910
x1,-301.999716
x1,-302.034498
x1,-302.069995
x1,-302.104726
x1,-302.139432
x1,-302.174113
x1,-302.208768
x1,-302.243398
x1,-302.278003
x1,-302.313326
x1,-302.347881
x1,-302.382410
x1,-302.416915
x1,-302.452138
x1,-302.486592
x1,-302.521765
x1,-302.556169
x1,-302.590548
x1,-302.625646
x1,-302.659975
x1,-302.695024
x1,-302.729302
x1,-302.764301
x1,-302.799275
x1,-302.833478
x1,-302.868402
x1,-302.902555
x1,-302.937430
x1,-302.972279
x1,-303.007104
x1,-303.041157
x1,-303.075932
x1,-303.110682
x1,-303.145407
x1,-303.180108
x1,-303.214784
x1,-303.248686
x1,-303.283312
x1,-303.317914
x1,-303.352490
x1,-303.387042
x1,-303.421568
x1,-303.456070
x1,-303.490548
x1,-303.525750
x1,-303.560178
x1,-303.594581
x1,-303.628959
x1,-303.663312
x1,-303.698392
x1,-303.732696
x1,-303.766975
x1,-303.801230
x1,-303.836211
x1,-303.870416
x1,-303.904596
x1,-303.939504
x1,-303.973635
x1,-304.008494
x1,-304.042575
x1,-304.077385
x1,-304.111417
x1,-304.146178
x1,-304.180160
x1,-304.214872
x1,-304.249559
x1,-304.283468
x1,-304.318106
x1,-304.352720
x1,-304.386555
x1,-304.421120
x1,-304.455661
x1,-304.490177
x1,-304.523913
x1,-304.558380
x1,-304.592823
x1,-304.627241
x1,-304.661635
x1,-304.696005
x1,-304.730350
x1,-304.764671
x1,-304.798967
x1,-304.833239
x1,-304.867487
x1,-304.901710
x1,-304.935909
x1,-304.970083
x1,-305.004233
x1,-305.039118
x1,-305.073219
x1,-305.107296
x1,-305.141349
x1,-305.176136
x1,-305.210140
x1,-305.244120
x1,-305.278835
x1,-305.312766
x1,-305.346673
x1,-305.381316
x1,-305.415174
x1,-305.449769
x1,-305.483578
x1,-305.518125
x1,-305.551886
x1,-305.586384
x1,-305.620858
x1,-305.654546
x1,-305.688973
x1,-305.723375
x1,-305.756990
x1,-305.791344
x1,-305.825674
x1,-305.859216
x1,-305.893498
x1,-305.927756
x1,-305.961990
x1,-305.996200
x1,-306.030385
x1,-306.064547
x1,-306.098685
x1,-306.132034
x1,-306.166123
x1,-306.200189
x1,-306.234230
x1,-306.269014
x1,-306.303008
x1,-306.336978
x1,-306.370923
x1,-306.404845
x1,-306.438743
x1,-306.472617
x1,-306.507234
x1,-306.541060
x1,-306.574862
x1,-306.608640
x1,-306.643162
x1,-306.676892
x1,-306.710599
x1,-306.745050
x1,-306.778708
x1,-306.813112
x1,-306.846722
x1,-306.881078
x1,-306.914641
x1,-306.948950
x1,-306.982465
x1,-307.016726
x1,-307.050194
x1,-307.084408
x1,-307.118598
x1,-307.151994
x1,-307.186137
x1,-307.220256
x1,-307.254352
x1,-307.287652
x1,-307.321700
x1,-307.355725
x1,-307.389726
x1,-307.423704
x1,-307.457658
x1,-307.490815
x1,-307.524722
x1,-307.558605
x1,-307.592464
x1,-307.626300
x1,-307.660112
x1,-307.693901
x1,-307.728440
x1,-307.762182
x1,-307.795900
x1,-307.829594
x1,-307.863265
x1,-307.896912
x1,-307.930536
x1,-307.964912
x1,-307.998489
x1,-308.032042
x1,-308.066348
x1,-308.099854
x1,-308.133336
x1,-308.167572
x1,-308.201007
x1,-308.235197
x1,-308.268585
x1,-308.301950
x1,-308.336069
x1,-308.369387
x1,-308.403460
x1,-308.437510
x1,-308.470757
x1,-308.504760
x1,-308.537960
x1,-308.571917
x1,-308.605850
x1,-308.639760
x1,-308.672867
x1,-308.706730
x1,-308.740570
x1,-308.774387
x1,-308.807400
x1,-308.841170
x1,-308.874918
x1,-308.908642
x1,-308.942342
x1,-308.976020
x1,-309.009674
x1,-309.043306
x1,-309.076914
x1,-309.110498
x1,-309.144060
x1,-309.177598
x1,-309.211114
x1,-309.244606
x1,-309.278074
x1,-309.312304
x1,-309.345727
x1,-309.379126
x1,-309.412502
x1,-309.446640
x1,-309.479970
x1,-309.513277
x1,-309.547346
x1,-309.580606
x1,-309.613844
x1,-309.647844
x1,-309.681035
x1,-309.714990
x1,-309.748135
x1,-309.782043
x1,-309.815142
x1,-309.849005
x1,-309.882057
x1,-309.915874
x1,-309.948881
x1,-309.982652
x1,-310.016400
x1,-310.049338
x1,-310.083040
x1,-310.116720
x1,-310.150377
x1,-310.183222
x1,-310.216833
x1,-310.250422
x1,-310.283987
x1,-310.317530
x1,-310.351050
x1,-310.383757
x1,-310.417231
x1,-310.450682
x1,-310.484111
x1,-310.517517
x1,-310.550900
x1,-310.584260
x1,-310.617597
x1,-310.651704
x1,-310.684996
x1,-310.718265
x1,-310.751512
x1,-310.784735
x1,-310.817936
x1,-310.851907
x1,-310.885063
x1,-310.918195
x1,-310.951305
x1,-310.985186
x1,-311.018250
x1,-311.051292
x1,-311.085105
x1,-311.118102
x1,-311.151870
x1,-311.184821
x1,-311.218544
x1,-311.251450
x1,-311.285128
x1,-311.317988
x1,-311.351621
x1,-311.384436
x1,-311.418024
x1,-311.451590
x1,-311.484337
x1,-311.517858
x1,-311.551357
x1,-311.584035
x1,-311.617489
x1,-311.650920
x1,-311.684329
x1,-311.717715
x1,-311.750281
x1,-311.783622
x1,-311.816941
x1,-311.850238
x1,-311.883512
x1,-311.916764
x1,-311.949993
x1,-311.983200
x1,-312.016385
x1,-312.049547
x1,-312.082687
x1,-312.115804
x1,-312.148899
x1,-312.181972
x1,-312.215022
x1,-312.248851
x1,-312.281857
x1,-312.314840
x1,-312.347801
x1,-312.381542
x1,-312.414458
x1,-312.447352
x1,-312.481026
x1,-312.513875
x1,-312.546702
x1,-312.580310
x1,-312.613092
x1,-312.646656
x1,-312.679394
x1,-312.712109
x1,-312.745606
x1,-312.779082
x1,-312.811730
x1,-312.845161
x1,-312.877765
x1,-312.911152
x1,-312.944517
x1,-312.977054
x1,-313.010375
x1,-313.043674
x1,-313.076144
x1,-313.109398
x1,-313.142631
x1,-313.175842
x1,-313.208223
x1,-313.241389
x1,-313.274534
x1,-313.307656
x1,-313.340756
x1,-313.373835
x1,-313.406891
x1,-313.439926
x1,-313.472938
x1,-313.505928
x1,-313.538897
x1,-313.571843
x1,-313.604768
x1,-313.637670
x1,-313.670550
x1,-313.703409
x1,-313.737056
x1,-313.769870
x1,-313.802663
x1,-313.835434
x1,-313.868182
x1,-313.901720
x1,-313.934425
x1,-313.967108
x1,-314.000581
x1,-314.033220
x1,-314.065837
x1,-314.099245
x1,-314.131818
x1,-314.165182
x1,-314.197712
x1,-314.231033
x1,-314.263518
x1,-314.296796
x1,-314.329238
x1,-314.362472
x1,-314.395685
x1,-314.428061
x1,-314.461230
x1,-314.494378
x1,-314.526688
x1,-314.559792
x1,-314.592875
x1,-314.625120
x1,-314.658159
x1,-314.691177
x1,-314.724173
x1,-314.757147
x1,-314.790100
x1,-314.822214
x1,-314.855123
x1,-314.888011
x1,-314.920877
x1,-314.953722
x1,-314.986545
x1,-315.019346
x1,-315.052126
x1,-315.084884
x1,-315.117621
x1,-315.151155
x1,-315.183849
x1,-315.216521
x1,-315.249171
x1,-315.281800
x1,-315.314407
x1,-315.347813
x1,-315.380377
x1,-315.412920
x1,-315.446262
x1,-315.478762
x1,-315.511240
x1,-315.544518
x1,-315.576953
x1,-315.609366
x1,-315.642580
x1,-315.674950
x1,-315.708122
x1,-315.740449
x1,-315.773578
x1,-315.805862
x1,-315.838949
x1,-315.871190
x1,-315.904234
x1,-315.937256
x1,-315.969433
x1,-316.002413
x1,-316.035371
x1,-316.067484
x1,-316.100400
x1,-316.133295
x1,-316.166168
x1,-316.198195
x1,-316.231026
x1,-316.263836
x1,-316.296625
x1,-316.329392
x1,-316.362138
x1,-316.394863
x1,-316.426740
x1,-316.459422
x1,-316.492084
x1,-316.524724
x1,-316.557342
x1,-316.590768
x1,-316.623345
x1,-316.655900
x1,-316.688434
x1,-316.720947
x1,-316.753439
x1,-316.785910
x1,-316.818359
x1,-316.851617
x1,-316.884024
x1,-316.916410
x1,-316.948775
x1,-316.981949
x1,-317.014271
x1,-317.046573
x1,-317.079684
x1,-317.111943
x1,-317.145013
x1,-317.177230
x1,-317.209425
x1,-317.242432
x1,-317.274586
x1,-317.307550
x1,-317.339662
x1,-317.372585
x1,-317.405487
x1,-317.437535
x1,-317.470396
x1,-317.502402
x1,-317.535220
x1,-317.568018
x1,-317.599961
x1,-317.632717
x1,-317.665452
x1,-317.698166
x1,-317.730025
x1,-317.762698
x1,-317.795349
x1,-317.827980
x1,-317.860591
x1,-317.893180
x1,-317.925749
x1,-317.958296
x1,-317.989987
x1,-318.022493
x1,-318.054978
x1,-318.087442
x1,-318.119886
x1,-318.153146
x1,-318.185549
x1,-318.217930
x1,-318.250291
x1,-318.282630
x1,-318.314949
x1,-318.347248
x1,-318.379525
x1,-318.412621
x1,-318.444857
x1,-318.477072
x1,-318.509266
x1,-318.542280
x1,-318.574433
x1,-318.606565
x1,-318.639517
x1,-318.671608
x1,-318.704519
x1,-318.736568
x1,-318.768597
x1,-318.801446
x1,-318.833434
x1,-318.866242
x1,-318.898188
x1,-318.930955
x1,-318.963702
x1,-318.995586
x1,-319.028292
x1,-319.060134
x1,-319.092799
x1,-319.125444
x1,-319.157224
x1,-319.189828
x1,-319.222411
x1,-319.254974
x1,-319.286672
x1,-319.319194
x1,-319.351695
x1,-319.384176
x1,-319.416637
x1,-319.449077
x1,-319.481497
x1,-319.513050
x1,-319.545429
x1,-319.577787
x1,-319.610125
x1,-319.642443
x1,-319.674740
x1,-319.707017
x1,-319.739273
x1,-319.772357
x1,-319.804573
x1,-319.836768
x1,-319.868943
x1,-319.901098
x1,-319.933232
x1,-319.965346
x1,-319.998288
x1,-320.030361
x1,-320.062414
x1,-320.095296
x1,-320.127308
x1,-320.159300
x1,-320.191271
x1,-320.224073
x1,-320.256004
x1,-320.288765
x1,-320.320655
x1,-320.353376
x1,-320.385226
x1,-320.417055
x1,-320.449715
x1,-320.482356
x1,-320.514124
x1,-320.546725
x1,-320.578453
x1,-320.611013
x1,-320.642700
x1,-320.675220
x1,-320.707720
x1,-320.739346
x1,-320.771806
x1,-320.804246
x1,-320.836666
x1,-320.868211
x1,-320.900591
x1,-320.932950
x1,-320.965290
x1,-320.997610
x1,-321.029909
x1,-321.061333
x1,-321.093593
x1,-321.125832
x1,-321.158051
x1,-321.190251
x1,-321.222430
x1,-321.254590
x1,-321.286729
x1,-321.318848
x1,-321.350948
x1,-321.383027
x1,-321.415944
x1,-321.447984
x1,-321.480004
x1,-321.512003
x1,-321.543983
x1,-321.575942
x1,-321.608741
x1,-321.640661
x1,-321.672561
x1,-321.704440
x1,-321.737160
x1,-321.769000
x1,-321.800820
x1,-321.833480
x1,-321.865261
x1,-321.897882
x1,-321.929622
x1,-321.962204
x1,-321.993904
x1,-322.025585
x1,-322.058107
x1,-322.090610
x1,-322.122231
x1,-322.154694
x1,-322.186276
x1,-322.218700
x1,-322.250241
x1,-322.282626
x1,-322.314991
x1,-322.346472
x1,-322.378798
x1,-322.411104
x1,-322.443390
x1,-322.474793
x1,-322.507040
x1,-322.539267
x1,-322.571475
x1,-322.603663
x1,-322.635832
x1,-322.667115
x1,-322.699244
x1,-322.731354
x1,-322.763444
x1,-322.795514
x1,-322.827565
x1,-322.859596
x1,-322.891608
x1,-322.923600
x1,-322.955572
x1,-322.987525
x1,-323.019458
x1,-323.052240
x1,-323.084134
x1,-323.116009
x1,-323.147864
x1,-323.179699
x1,-323.211515
x1,-323.244180
x1,-323.275957
x1,-323.307714
x1,-323.339452
x1,-323.372040
x1,-323.403739
x1,-323.435418
x1,-323.467948
x1,-323.499588
x1,-323.532079
x1,-323.563680
x1,-323.596133
x1,-323.627695
x1,-323.659237
x1,-323.691632
x1,-323.724008
x1,-323.755492
x1,-323.787829
x1,-323.819274
x1,-323.851572
x1,-323.882978
x1,-323.915238
x1,-323.947478
x1,-323.978826
x1,-324.011028
x1,-324.043211
x1,-324.075374
x1,-324.106644
x1,-324.138769
x1,-324.170875
x1,-324.202962
x1,-324.235029
x1,-324.266202
x1,-324.298230
x1,-324.330240
x1,-324.362230
x1,-324.394202
x1,-324.426154
x1,-324.458086
x1,-324.490000
x1,-324.521894
x1,-324.553770
x1,-324.585626
x1,-324.617462
x1,-324.649280
x1,-324.681078
x1,-324.712858
x1,-324.745496
x1,-324.777237
x1,-324.808959
x1,-324.840662
x1,-324.872345
x1,-324.904889
x1,-324.936534
x1,-324.968160
x1,-324.999767
x1,-325.032235
x1,-325.063803
x1,-325.095353
x1,-325.127764
x1,-325.159275
x1,-325.191649
x1,-325.223122
x1,-325.254575
x1,-325.286892
x1,-325.318308
x1,-325.350586
x1,-325.381964
x1,-325.414205
x1,-325.446427
x1,-325.477747
x1,-325.509932
x1,-325.541214
x1,-325.573360
x1,-325.605488
x1,-325.636713
x1,-325.668803
x1,-325.700874
x1,-325.732926
x1,-325.764075
x1,-325.796090
x1,-325.828085
x1,-325.860062
x1,-325.891135
x1,-325.923074
x1,-325.954994
x1,-325.986896
x1,-326.018779
x1,-326.050643
x1,-326.082488
x1,-326.114314
x1,-326.146122
x1,-326.177911
x1,-326.209681
x1,-326.241432
x1,-326.273164
x1,-326.304878
x1,-326.336573
x1,-326.368249
x1,-326.399906
x1,-326.431544
x1,-326.464053
x1,-326.495654
x1,-326.527237
x1,-326.558800
x1,-326.590345
x1,-326.622761
x1,-326.654268
x1,-326.685756
x1,-326.718117
x1,-326.749568
x1,-326.781000
x1,-326.813305
x1,-326.844700
x1,-326.876076
x1,-326.908325
x1,-326.939664
x1,-326.971876
x1,-327.003178
x1,-327.035353
x1,-327.066617
x1,-327.098755
x1,-327.129982
x1,-327.162083
x1,-327.194166
x1,-327.225336
x1,-327.257382
x1,-327.288515
x1,-327.320524
x1,-327.352515
x1,-327.384487
x1,-327.415546
x1,-327.447481
x1,-327.479398
x1,-327.511296
x1,-327.542280
x1,-327.574141
x1,-327.605984
x1,-327.637809
x1,-327.669615
x1,-327.701403
x1,-327.733172
x1,-327.764026
x1,-327.795758
x1,-327.827472
x1,-327.859168
x1,-327.890845
x1,-327.922504
x1,-327.954144
x1,-327.985766
x1,-328.018269
x1,-328.049854
x1,-328.081421
x1,-328.112970
x1,-328.144500
x1,-328.176012
x1,-328.207505
x1,-328.239881
x1,-328.271338
x1,-328.302776
x1,-328.334196
x1,-328.366499
x1,-328.397882
x1,-328.429247
x1,-328.461496
x1,-328.492824
x1,-328.524134
x1,-328.556329
x1,-328.587602
x1,-328.618857
x1,-328.650997
x1,-328.682215
x1,-328.714319
x1,-328.745501
x1,-328.777568
x1,-328.808713
x1,-328.840744
x1,-328.871853
x1,-328.903848
x1,-328.935825
x1,-328.966879
x1,-328.998820
x1,-329.030742
x1,-329.061741
x1,-329.093628
x1,-329.125497
x1,-329.156441
x1,-329.188273
x1,-329.220088
x1,-329.251884
x1,-329.283662
x1,-329.314515
x1,-329.346258
x1,-329.377982
x1,-329.409688
x1,-329.441376
x1,-329.473046
x1,-329.504699
x1,-329.536333
x1,-329.567949
x1,-329.599547
x1,-329.631127
x1,-329.662690
x1,-329.694234
x1,-329.725760
x1,-329.757268
x1,-329.788758
x1,-329.820231
x1,-329.851685
x1,-329.883121
x1,-329.914539
x1,-329.946851
x1,-329.978233
x1,-330.009598
x1,-330.040944
x1,-330.072272
x1,-330.104495
x1,-330.135788
x1,-330.167062
x1,-330.199232
x1,-330.230471
x1,-330.261692
x1,-330.293808
x1,-330.324993
x1,-330.357074
x1,-330.388223
x1,-330.419354
x1,-330.451382
x1,-330.482478
x1,-330.514470
x1,-330.545530
x1,-330.577487
x1,-330.609426
x1,-330.640432
x1,-330.672336
x1,-330.703306
x1,-330.735175
x1,-330.767026
x1,-330.797942
x1,-330.829758
x1,-330.861556
x1,-330.892419
x1,-330.924182
x1,-330.955927
x1,-330.987654
x1,-331.018446
x1,-331.050138
x1,-331.081812
x1,-331.113469
x1,-331.145108
x1,-331.176730
x1,-331.208334
x1,-331.239000
x1,-331.270569
x1,-331.302120
x1,-331.333653
x1,-331.365169
x1,-331.396667
x1,-331.428148
x1,-331.459611
x1,-331.491056
x1,-331.522484
x1,-331.554816
x1,-331.586209
x1,-331.617584
x1,-331.648942
x1,-331.680282
x1,-331.711604
x1,-331.742909
x1,-331.775119
x1,-331.806389
x1,-331.837641
x1,-331.868876
x1,-331.901016
x1,-331.932216
x1,-331.963398
x1,-331.995487
x1,-332.026634
x1,-332.057763
x1,-332.089800
x1,-332.120894
x1,-332.151971
x1,-332.183956
x1,-332.214998
x1,-332.246948
x1,-332.277955
x1,-332.309870
x1,-332.340842
x1,-332.372723
x1,-332.403660
x1,-332.435506
x1,-332.467336
x1,-332.498220
x1,-332.530015
x1,-332.561792
x1,-332.592624
x1,-332.624367
x1,-332.656092
x1,-332.686872
x1,-332.718563
x1,-332.750237
x1,-332.781893
x1,-332.812603
x1,-332.844225
x1,-332.875830
x1,-332.907418
x1,-332.938988
x1,-332.970541
x1,-333.001146
x1,-333.032665
x1,-333.064166
x1,-333.095651
x1,-333.127118
x1,-333.158567
x1,-333.190000
x1,-333.221415
x1,-333.252814
x1,-333.284195
x1,-333.315558
x1,-333.346905
x1,-333.378234
x1,-333.410480
x1,-333.441775
x1,-333.473053
x1,-333.504314
x1,-333.535558
x1,-333.566784
x1,-333.598928
x1,-333.630120
x1,-333.661295
x1,-333.692453
x1,-333.724529
x1,-333.755652
x1,-333.786759
x1,-333.818784
x1,-333.849856
x1,-333.880911
x1,-333.912886
x1,-333.943906
x1,-333.974910
x1,-334.006834
x1,-334.037803
x1,-334.069693
x1,-334.100628
x1,-334.132484
x1,-334.163385
x1,-334.195207
x1,-334.226074
x1,-334.257862
x1,-334.289634
x1,-334.320450
x1,-334.352187
x1,-334.382969
x1,-334.414673
x1,-334.446360
x1,-334.477090
x1,-334.508744
x1,-334.540380
x1,-334.572000
x1,-334.602662
x1,-334.634248
x1,-334.665817
x1,-334.697370
x1,-334.728905
x1,-334.759482
x1,-334.790984
x1,-334.822469
x1,-334.853937
x1,-334.885388
x1,-334.916823
x1,-334.948241
x1,-334.979642
x1,-335.011026
x1,-335.042393
x1,-335.073744
x1,-335.105078
x1,-335.136395
x1,-335.167695
x1,-335.198978
x1,-335.230245
x1,-335.261495
x1,-335.292728
x1,-335.323944
x1,-335.356089
x1,-335.387272
x1,-335.418438
x1,-335.449587
x1,-335.480720
x1,-335.512782
x1,-335.543881
x1,-335.574963
x1,-335.606976
x1,-335.638025
x1,-335.669057
x1,-335.701020
x1,-335.732019
x1,-335.763000
x1,-335.794914
x1,-335.825862
x1,-335.857743
x1,-335.888658
x1,-335.919556
x1,-335.951387
x1,-335.982252
x1,-336.014050
x1,-336.044881
x1,-336.076646
x1,-336.108395
x1,-336.139176
x1,-336.170892
x1,-336.201640
x1,-336.233323
x1,-336.264989
x1,-336.295687
x1,-336.327320
x1,-336.358937
x1,-336.389585
x1,-336.421169
x1,-336.452736
x1,-336.484287
x1,-336.514868
x1,-336.546386
x1,-336.577888
x1,-336.609373
x1,-336.640842
x1,-336.671340
x1,-336.702776
x1,-336.734195
x1,-336.765598
x1,-336.796985
x1,-336.828355
x1,-336.859709
x1,-336.891046
x1,-336.922367
x1,-336.953672
x1,-336.984960
x1,-337.016232
x1,-337.047487
x1,-337.078726
x1,-337.109949
x1,-337.141155
x1,-337.172345
x1,-337.204476
x1,-337.235633
x1,-337.266774
x1,-337.297898
x1,-337.329006
x1,-337.361057
x1,-337.392132
x1,-337.423191
x1,-337.454234
x1,-337.486219
x1,-337.517229
x1,-337.548223
x1,-337.580160
x1,-337.611121
x1,-337.642066
x1,-337.673954
x1,-337.704866
x1,-337.735762
x1,-337.767602
x1,-337.798465
x1,-337.830274
x1,-337.861104
x1,-337.892880
x1,-337.923678
x1,-337.955422
x1,-337.986187
x1,-338.017898
x1,-338.048631
x1,-338.080310
x1,-338.111974
x1,-338.142658
x1,-338.174289
x1,-338.205904
x1,-338.236539
x1,-338.268122
x1,-338.299689
x1,-338.330275
x1,-338.361810
x1,-338.393329
x1,-338.424832
x1,-338.455353
x1,-338.486823
x1,-338.518278
x1,-338.549717
x1,-338.581139
x1,-338.612546
x1,-338.643936
x1,-338.674344
x1,-338.705702
x1,-338.737045
x1,-338.768371
x1,-338.799682
x1,-338.830976
x1,-338.870000
x1,-338.940000
x1,-339.010000
x1,-337.161776
x1,-335.350551
x1,-333.575379
x1,-331.837253
x1,-330.133286
x1,-328.463502
x1,-326.827920
x1,-325.224623
x1,-323.654601
x1,-322.115934
x1,-320.608642
x1,-319.131773
x1,-317.684376
x1,-316.266469
x1,-314.878071
x1,-313.517257
x1,-312.184044
x1,-310.878450
x1,-309.598546
x1,-308.345323
x1,-307.117824
x1,-305.915092
x1,-304.736170
x1,-303.582045
x1,-302.451761
x1,-301.344358
x1,-300.259850
x1,-299.197278
x1,-298.156656
x1,-297.137023
x1,-296.138391
x1,-295.160775
x1,-294.203212
x1,-293.265715
x1,-292.347320
x1,-291.447065
x1,-290.565936
x1,-289.703945
x1,-288.859152
x1,-288.031568
x1,-287.221202
x1,-286.428067
x1,-285.651195
x1,-284.890597
x1,-284.146283
x1,-283.417286
x1,-282.703614
x1,-282.004300
x1,-281.320330
x1,-280.650737
x1,-279.994549
x1,-279.352755
x1,-278.725363
x1,-278.110424
x1,-277.507945
x1,-276.918914
x1,-276.342360
x1,-275.778290
x1,-275.225731
x1,-274.684691
x1,-274.156158
x1,-273.638178
x1,-273.131738
x1,-272.636846
x1,-272.151545
x1,-271.677805
x1,-271.213670
x1,-270.759145
x1,-270.315219
x1,-269.880916
x1,-269.455259
x1,-269.040219
x1,-268.633837
x1,-268.236118
x1,-267.847067
x1,-267.466690
x1,-267.094992
x1,-266.731979
x1,-266.376671
x1,-266.029074
x1,-265.689192
x1,-265.357030
x1,-265.032593
x1,-264.714900
x1,-264.404941
x1,-264.102721
x1,-263.806272
x1,-263.516585
x1,-263.234650
x1,-262.958498
x1,-262.689120
x1,-262.425534
x1,-262.167742
x1,-261.916737
x1,-261.671533
x1,-261.432136
x1,-261.197560
x1,-260.969785
x1,-260.746839
x1,-260.529712
x1,-260.317421
x1,-260.109967
x1,-259.907354
x1,-259.710574
x1,-259.518642
x1,-259.330569
x1,-259.147350
x1,-258.969977
x1,-258.795482
x1,-258.625848
x1,-258.461079
x1,-258.300186
x1,-258.143172
x1,-257.990039
x1,-257.841782
x1,-257.696419
x1,-257.555936
x1,-257.418352
x1,-257.284662
x1,-257.154867
x1,-257.027978
x1,-256.904988
x1,-256.784908
x1,-256.668732
x1,-256.556462
x1,-256.446115
x1,-256.339678
x1,-256.235166
x1,-256.134569
x1,-256.036894
x1,-255.942144
x1,-255.850320
x1,-255.761424
x1,-255.674462
x1,-255.591428
x1,-255.509335
x1,-255.431172
x1,-255.354950
x1,-255.281666
x1,-255.210325
x1,-255.141925
x1,-255.075471
x1,-255.010964
x1,-254.948406
x1,-254.888795
x1,-254.831135
x1,-254.776426
x1,-254.722672
x1,-254.670874
x1,-254.622029
x1,-254.574144
x1,-254.528217
x1,-254.485249
x1,-254.443242
x1,-254.403198
x1,-254.365117
x1,-254.328000
x1,-254.293849
x1,-254.260664
x1,-254.228446
x1,-254.199197
x1,-254.169916
x1,-254.143607
x1,-254.118268
x1,-254.093901
x1,-254.071507
x1,-254.051088
x1,-254.031643
x1,-254.013172
x1,-253.995676
x1,-253.980159
x1,-253.965618
x1,-253.953058
x1,-253.941475
x1,-253.930872
x1,-253.921248
x1,-253.912604
x1,-253.905945
x1,-253.900267
x1,-253.894567
x1,-253.890854
x1,-253.888125
x1,-253.886380
x1,-253.885619
x1,-253.885843
x1,-253.887053
x1,-253.889250
x1,-253.892434
x1,-253.896605
x1,-253.901764
x1,-253.907912
x1,-253.914043
x1,-253.922170
x1,-253.930281
x1,-253.939382
x1,-253.949475
x1,-253.960560
x1,-253.971629
x1,-253.984700
x1,-253.997755
x1,-254.010796
x1,-254.025840
x1,-254.040870
x1,-254.056895
x1,-254.072907
x1,-254.089915
x1,-254.107920
x1,-254.126922
x1,-254.145912
x1,-254.165900
x1,-254.185876
x1,-254.206851
x1,-254.227814
x1,-254.249778
x1,-254.272741
x1,-254.295694
x1,-254.319648
x1,-254.343592
x1,-254.368537
x1,-254.393473
x1,-254.418398
x1,-254.445340
x1,-254.471259
x1,-254.498182
x1,-254.526110
x1,-254.554028
x1,-254.581938
x1,-254.610853
x1,-254.639760
x1,-254.669673
x1,-254.699578
x1,-254.730490
x1,-254.761394
x1,-254.792291
x1,-254.824196
x1,-254.856094
x1,-254.887984
x1,-254.920883
x1,-254.953776
x1,-254.986662
x1,-255.020558
x1,-255.054447
x1,-255.088330
x1,-255.123224
x1,-255.158112
x1,-255.192994
x1,-255.227870
x1,-255.263758
x1,-255.299641
x1,-255.336536
x1,-255.372408
x1,-255.409293
x1,-255.447192
x1,-255.484067
x1,-255.521956
x1,-255.559840
x1,-255.597720
x1,-255.635595
x1,-255.674485
x1,-255.713371
x1,-255.752253
x1,-255.791130
x1,-255.831024
x1,-255.869893
x1,-255.909778
x1,-255.949660
x1,-255.990560
x1,-256.030434
x1,-256.071326
x1,-256.112215
x1,-256.153100
x1,-256.193982
x1,-256.234860
x1,-256.276758
x1,-256.318652
x1,-256.360544
x1,-256.402432
x1,-256.444317
x1,-256.486199
x1,-256.529102
x1,-256.570978
x1,-256.613875
x1,-256.656770
x1,-256.699661
x1,-256.743576
x1,-256.786462
x1,-256.829346
x1,-256.873253
x1,-256.917158
x1,-256.961060
x1,-257.004960
x1,-257.048857
x1,-257.092752
x1,-257.136645
x1,-257.181562
x1,-257.226478
x1,-257.270364
x1,-257.315276
x1,-257.360185
x1,-257.405093
x1,-257.449998
x1,-257.494902
x1,-257.539804
x1,-257.585733
x1,-257.630630
x1,-257.676556
x1,-257.721450
x1,-257.767372
x1,-257.813293
x1,-257.859212
x1,-257.905129
x1,-257.951045
x1,-257.996959
x1,-258.042872
x1,-258.089814
x1,-258.135724
x1,-258.181632
x1,-258.228571
x1,-258.275508
x1,-258.321412
x1,-258.368346
x1,-258.415280
x1,-258.461179
x1,-258.508110
x1,-258.555040
x1,-258.601969
x1,-258.648896
x1,-258.696856
x1,-258.743782
x1,-258.790706
x1,-258.837628
x1,-258.885585
x1,-258.932506
x1,-258.980460
x1,-259.027379
x1,-259.075332
x1,-259.122248
x1,-259.170199
x1,-259.218150
x1,-259.265063
x1,-259.313011
x1,-259.360959
x1,-259.408906
x1,-259.456852
x1,-259.504798
x1,-259.552742
x1,-259.600686
x1,-259.648629
x1,-259.696571
x1,-259.744513
x1,-259.792453
x1,-259.841432
x1,-259.889371
x1,-259.937310
x1,-259.986287
x1,-260.034224
x1,-260.082160
x1,-260.131136
x1,-260.179070
x1,-260.228045
x1,-260.275978
x1,-260.324952
x1,-260.372884
x1,-260.421857
x1,-260.470829
x1,-260.518759
x1,-260.567730
x1,-260.616701
x1,-260.664629
x1,-260.713599
x1,-260.762568
x1,-260.811537
x1,-260.860506
x1,-260.908430
x1,-260.957398
x1,-261.006365
x1,-261.055332
x1,-261.104298
x1,-261.153264
x1,-261.202230
x1,-261.251195
x1,-261.300160
x1,-261.349124
x1,-261.398088
x1,-261.447052
x1,-261.496015
x1,-261.546024
x1,-261.594987
x1,-261.643949
x1,-261.692911
x1,-261.741872
x1,-261.790833
x1,-261.840841
x1,-261.889801
x1,-261.938761
x1,-261.987721
x1,-262.037728
x1,-262.086687
x1,-262.135646
x1,-262.185652
x1,-262.234610
x1,-262.283568
x1,-262.333574
x1,-262.382531
x1,-262.431488
x1,-262.481494
x1,-262.530450
x1,-262.580456
x1,-262.629411
x1,-262.678366
x1,-262.728372
x1,-262.777326
x1,-262.827331
x1,-262.876285
x1,-262.926290
x1,-262.975243
x1,-263.025248
x1,-263.074201
x1,-263.124205
x1,-263.173157
x1,-263.223162
x1,-263.273166
x1,-263.322117
x1,-263.372121
x1,-263.421072
x1,-263.471076
x1,-263.521080
x1,-263.570030
x1,-263.620034
x1,-263.668983
x1,-263.718986
x1,-263.768990
x1,-263.817938
x1,-263.867942
x1,-263.917945
x1,-263.966893
x1,-264.016896
x1,-264.066899
x1,-264.116902
